date,open,high,low,close,volume,OpenInterest
2014-06-09,35.179,35.2986,35.1146,35.2434,6392010,0
2014-06-10,35.2434,35.3032,35.1882,35.2618,3594667,0
2014-06-11,35.1146,35.271,35.087,35.179,4254852,0
2014-06-12,35.1974,35.3078,34.765,34.8754,4818001,0
2014-06-13,35.087,35.1422,34.9306,35.0778,7331675,0
2014-06-16,35.0134,35.179,34.9582,35.0778,7065464,0
2014-06-17,35.0502,35.225,35.0134,35.1606,7037598,0
2014-06-18,35.2342,35.363,34.9766,35.3446,13035265,0
2014-06-19,35.3998,35.3998,35.1422,35.1146,5918748,0
2014-06-20,35.2588,35.3235,35.1294,35.2033,5427718,0
2014-06-23,35.1664,35.305,35.134,35.305,3767121,0
2014-06-24,35.2865,35.4667,35.037,35.1202,8471329,0
2014-06-25,35.0462,35.3143,35.0093,35.2588,5111856,0
2014-06-26,35.2865,35.305,35.0139,35.2218,11352298,0
2014-06-27,35.1941,35.4344,35.1756,35.4344,10883328,0
2014-06-30,35.4067,35.5592,35.3836,35.4436,4490433,0
2014-07-01,35.573,35.915,35.5453,35.8041,7488882,0
2014-07-02,35.8688,35.8873,35.7856,35.8411,4970038,0
2014-07-03,35.9704,36.0167,35.8503,35.9982,2193046,0
2014-07-07,35.9982,36.0629,35.9057,36.0351,10482168,0
2014-07-08,36.0167,36.0167,35.5176,35.7117,6923856,0
2014-07-09,35.7671,35.9011,35.6886,35.8873,7118133,0
2014-07-10,35.3235,35.9381,35.3235,35.7856,4421945,0
2014-07-11,35.8688,35.9704,35.7764,35.9704,3261418,0
2014-07-14,36.1368,36.2754,36.0998,36.2292,4209101,0
2014-07-15,36.3124,36.3586,35.9612,36.1645,7417055,0
2014-07-16,36.4418,36.5157,36.2708,36.4141,6181589,0
2014-07-17,36.1923,36.488,36.146,36.4602,4770496,0
2014-07-18,36.1923,36.488,36.146,36.4602,4770496,0
2014-07-21,36.4418,36.5157,36.2708,36.4141,6181589,0
2014-07-22,36.6266,36.7468,36.5619,36.7191,4789762,0
2014-07-23,36.8022,36.8854,36.6405,36.7838,5473434,0
2014-07-24,36.8947,36.8947,36.6821,36.756,11659600,0
2014-07-25,36.6451,36.756,36.5342,36.7098,4749496,0
2014-07-28,36.7375,36.8438,36.4834,36.7745,7762226,0
2014-07-29,37.0425,37.0425,36.6821,36.7006,7312421,0
2014-07-30,36.8669,36.8669,36.5619,36.7375,7762585,0
2014-07-31,36.5065,36.5435,35.9889,36.0444,17416663,0
2014-08-01,35.952,36.0998,35.6747,35.8494,15507425,0
2014-08-04,35.9612,36.2015,35.7764,36.1045,6333724,0
2014-08-05,35.8873,36.0074,35.6192,35.7671,12293402,0
2014-08-06,35.5268,35.8272,35.4806,35.6562,9140902,0
2014-08-07,35.8041,35.8688,35.3882,35.5083,6865031,0
2014-08-08,35.4899,35.7671,35.3752,35.7394,6022790,0
2014-08-11,37.3753,37.3753,36.9871,37.0333,6891593,0
2014-08-12,35.878,35.9843,35.7209,35.8965,6704924,0
2014-08-13,35.9797,36.2477,35.9797,36.2477,5492695,0
2014-08-14,36.2754,36.3124,36.1553,36.3124,4614659,0
2014-08-15,36.3956,36.488,36.0536,36.3124,8910873,0
2014-08-18,36.5619,36.6694,36.4603,36.6544,4247989,0
2014-08-19,36.756,36.8947,36.7098,36.8854,5047776,0
2014-08-20,36.83,36.9501,36.8022,36.8854,7005292,0
2014-08-21,36.8854,37.1118,36.8854,37.061,3454481,0
2014-08-22,37.0887,37.1442,36.9825,37.0703,4407968,0
2014-08-25,37.2459,37.2551,37.0333,37.1072,3430743,0
2014-08-26,37.1627,37.1719,37.0795,37.1257,3355910,0
2014-08-27,37.135,37.1627,37.0102,37.1165,4331205,0
2014-08-28,36.9871,37.1165,36.9224,37.061,3528469,0
2014-08-29,37.1257,37.2366,37.024,37.2274,7684232,0
2014-09-02,37.3106,37.3106,37.1257,37.2366,5688847,0
2014-09-03,37.3753,37.3753,36.9871,37.0333,6891593,0
2014-09-04,37.1072,37.2782,36.9039,37.0148,5213177,0
2014-09-05,37.0887,37.2459,36.9963,37.2366,7026224,0
2014-09-08,37.2181,37.3845,37.135,37.2921,6387058,0
2014-09-09,37.3106,37.4677,36.9224,37.024,8562663,0
2014-09-10,37.0333,37.2967,36.9316,37.2459,7237241,0
2014-09-11,37.1719,37.3475,37.0425,37.329,10322240,0
2014-09-12,37.3013,37.3198,37.0518,37.1719,5555691,0
2014-09-15,37.2366,37.2366,36.8817,36.9501,6882164,0
2014-09-16,36.8392,37.2736,36.7745,37.2274,11911364,0
2014-09-17,37.2181,37.4399,37.0795,37.3013,7654467,0
2014-09-18,37.3753,37.5416,37.3753,37.5231,7395314,0
2014-09-19,37.6566,37.6566,37.2992,37.4431,15727192,0
2014-09-22,37.4524,37.4524,37.0857,37.1925,6380423,0
2014-09-23,37.1368,37.2714,37.0445,37.1089,5968495,0
2014-09-24,37.1182,37.3595,36.9512,37.3503,7144473,0
2014-09-25,37.2018,37.2203,36.5335,36.5335,9351600,0
2014-09-26,36.5984,37.0068,36.5984,36.9326,4881540,0
2014-09-29,36.6356,36.979,36.5149,36.9233,4826367,0
2014-09-30,36.9836,37.2018,36.8862,37.0347,6760543,0
2014-10-01,36.914,36.9604,36.3571,36.4592,13059195,0
2014-10-02,36.4778,36.5659,36.0694,36.4406,13376786,0
2014-10-03,36.6634,36.8482,36.5335,36.7377,6705074,0
2014-10-06,36.9233,36.9883,36.6541,36.7469,6947819,0
2014-10-07,36.6448,36.6727,36.1715,36.1715,9006692,0
2014-10-08,36.2179,36.9233,35.9673,36.8583,8670647,0
2014-10-09,36.8212,36.8862,36.2086,36.2457,15300359,0
2014-10-10,36.0044,36.19,35.3175,35.3175,30182617,0
2014-10-13,35.2711,35.6146,34.8813,34.9277,28604428,0
2014-10-14,35.2154,35.3825,34.8906,34.9834,21542135,0
2014-10-15,34.4822,34.8813,33.9531,34.7421,29067214,0
2014-10-16,34.1573,34.7653,34.0645,34.5379,27123112,0
2014-10-17,34.8813,35.1969,34.7142,34.9463,12787073,0
2014-10-20,34.7513,35.2154,34.575,35.1969,9221409,0
2014-10-21,35.4475,35.9023,35.4475,35.8837,11573294,0
2014-10-22,36.0044,36.0879,35.6888,35.7167,12079173,0
2014-10-23,35.9673,36.3107,35.8939,36.1158,32215984,0
2014-10-24,36.2736,36.4592,36.0694,36.4314,6903171,0
2014-10-27,36.32,36.5613,36.2829,36.4685,5943486,0
2014-10-28,36.5706,36.9883,36.5706,36.9697,7745481,0
2014-10-29,36.9233,37.0532,36.7005,36.9326,13176100,0
2014-10-30,38.2413,38.4827,38.1773,38.3527,5396126,0
2014-10-31,37.5081,37.638,37.4338,37.6287,9962978,0
2014-11-03,37.6751,37.8515,37.6194,37.7865,9530826,0
2014-11-04,37.7308,37.8793,37.5452,37.7772,6433195,0
2014-11-05,38.0093,38.0278,37.7123,37.8793,7278101,0
2014-11-06,37.8608,37.8886,37.6287,37.8608,8589617,0
2014-11-07,37.8979,37.9443,37.7215,37.9072,7475718,0
2014-11-10,37.8886,38.0464,37.8236,38.0093,4820924,0
2014-11-11,38.0371,38.0464,37.8701,38.0278,3054257,0
2014-11-12,37.9072,38.1764,37.8886,38.1485,4516594,0
2014-11-13,38.2413,38.4827,38.1773,38.3527,5396126,0
2014-11-14,38.362,38.6219,38.362,38.6219,4343269,0
2014-11-17,38.5105,38.6034,38.362,38.5476,4132672,0
2014-11-18,38.5198,38.7611,38.5105,38.6776,4829936,0
2014-11-19,38.6869,38.6869,38.2506,38.427,7166995,0
2014-11-20,38.297,38.6219,38.2228,38.6219,4897385,0
2014-11-21,38.9282,38.9467,38.5228,38.6776,6462782,0
2014-11-24,38.7518,38.8911,38.6404,38.8818,3113210,0
2014-11-25,38.9375,39.0581,38.8725,38.9003,4744583,0
2014-11-26,38.9096,39.2716,38.9096,39.253,10241047,0
2014-11-28,39.3273,39.5222,39.253,39.4387,5432541,0
2014-12-01,39.3459,39.3923,38.8261,38.9885,11664727,0
2014-12-02,38.9746,39.0674,38.8446,39.0024,5630638,0
2014-12-03,39.086,39.2066,38.9143,39.1417,4271682,0
2014-12-04,39.1138,39.2623,38.9932,39.1417,3766828,0
2014-12-05,39.1695,39.2438,39.0024,39.0953,7179458,0
2014-12-08,39.021,39.086,38.5291,38.6961,6689945,0
2014-12-09,38.1856,38.7425,38.0557,38.6869,8221690,0
2014-12-10,38.6961,38.6961,38.0278,38.1021,8270552,0
2014-12-11,38.1671,38.7054,38.1671,38.2692,9038163,0
2014-12-12,37.9722,38.2552,37.6566,37.6983,8982960,0
2014-12-15,37.9536,38.1072,37.3039,37.4709,10251123,0
2014-12-16,37.2018,37.8793,36.9697,36.9697,15651530,0
2014-12-17,37.0811,37.7864,37.0161,37.6658,15282954,0
2014-12-18,38.3341,38.7611,38.2228,38.7425,10659258,0
2014-12-19,38.9072,38.9912,38.7393,38.7859,11694422,0
2014-12-22,38.9352,39.2525,38.8699,39.2525,6107031,0
2014-12-23,39.4204,39.4857,39.3318,39.3551,6699419,0
2014-12-24,39.4484,39.4484,39.3084,39.3178,2655636,0
2014-12-26,39.3924,39.5557,39.3691,39.4857,2278516,0
2014-12-29,39.3364,39.4484,39.2525,39.2898,4638288,0
2014-12-30,39.2151,39.2664,38.9725,39.0099,5503440,0
2014-12-31,39.1405,39.1839,38.5433,38.5807,5955293,0
2015-01-02,38.8233,38.9166,38.3102,38.506,8495232,0
2015-01-05,38.3661,38.3661,37.8063,37.9182,7194733,0
2015-01-06,38.0302,38.0302,37.2838,37.461,8745602,0
2015-01-07,37.7503,37.8716,37.5077,37.7783,6534578,0
2015-01-08,38.0862,38.6926,38.0302,38.6087,14211721,0
2015-01-09,38.7206,38.8139,38.2074,38.4874,9169915,0
2015-01-12,38.4687,38.562,37.9089,38.0395,5628744,0
2015-01-13,38.3567,38.8279,37.7409,38.0115,11679230,0
2015-01-14,37.7036,37.9649,37.4508,37.7969,8830690,0
2015-01-15,37.9555,38.0488,37.2838,37.3118,9327741,0
2015-01-16,37.1905,37.713,37.1717,37.6756,18821471,0
2015-01-20,37.8996,38.0768,37.5128,37.9929,12015828,0
2015-01-21,37.8249,38.2168,37.6383,38.0582,13919088,0
2015-01-22,38.1608,38.7113,37.8436,38.6833,8812196,0
2015-01-23,38.674,38.8512,38.5471,38.674,6478772,0
2015-01-26,38.6273,38.73,38.3941,38.5154,9733510,0
2015-01-27,37.8809,37.8809,37.2371,37.4051,10791955,0
2015-01-28,38.0768,38.1981,37.3397,37.3397,13047244,0
2015-01-29,37.3584,37.7689,37.0039,37.6943,16817569,0
2015-01-30,37.5917,37.7783,37.1531,37.2278,13006347,0
2015-02-02,37.3584,37.657,36.7519,37.6103,15623563,0
2015-02-03,37.7223,38.0722,37.6197,38.0395,9883683,0
2015-02-04,37.9742,38.3894,37.9742,38.1142,5889364,0
2015-02-05,38.2728,38.4874,38.1515,38.4687,5091765,0
2015-02-06,38.5247,38.702,38.2355,38.3474,4790310,0
2015-02-09,38.2448,38.478,38.2075,38.2914,7165741,0
2015-02-10,38.5527,38.9072,38.4127,38.8606,11245749,0
2015-02-11,38.9166,39.0752,38.8046,39.0099,6249959,0
2015-02-12,39.3084,39.5697,39.2525,39.5417,6769238,0
2015-02-13,39.635,39.8216,39.5603,39.7936,4315840,0
2015-02-17,39.8309,39.8776,39.7096,39.8123,5340289,0
2015-02-18,39.8123,39.8869,39.7003,39.8496,3749777,0
2015-02-19,39.8216,40.0269,39.747,39.9895,3125425,0
2015-02-20,39.9895,40.2508,39.7817,40.1948,6933497,0
2015-02-23,40.2415,40.2508,40.0175,40.2228,4047028,0
2015-02-24,40.1948,40.4001,39.9895,40.3441,4655463,0
2015-02-25,40.2321,40.2788,40.0082,40.0922,5867350,0
2015-02-26,40.2135,40.4001,40.1015,40.3441,7559392,0
2015-02-27,40.3348,40.4187,40.1668,40.2041,6055998,0
2015-03-02,40.3441,40.5494,40.2135,40.5214,6844453,0
2015-03-03,40.484,40.484,40.0688,40.2508,8612123,0
2015-03-04,40.1482,40.1668,39.8776,40.0922,5882663,0
2015-03-05,40.1855,40.1855,39.9056,40.0455,7704334,0
2015-03-06,40.0269,40.0828,39.4871,39.551,8076686,0
2015-03-09,39.6257,39.9056,39.5697,39.7376,6249286,0
2015-03-10,39.5137,39.523,38.9259,38.9259,8797871,0
2015-03-11,39.0192,39.0192,38.646,38.674,11520207,0
2015-03-12,38.562,38.9539,38.5247,38.9259,12334908,0
2015-03-13,38.8699,38.9632,38.4967,38.7113,15187664,0
2015-03-16,38.9166,39.1965,38.7953,39.1685,8639361,0
2015-03-17,39.0752,39.2898,39.0099,39.1778,9533738,0
2015-03-18,39.1312,39.8496,38.9679,39.7096,15855386,0
2015-03-19,39.6537,39.7917,39.5697,39.5977,8992350,0
2015-03-20,39.8351,40.0506,39.7695,39.8538,19296143,0
2015-03-23,39.8632,40.0459,39.8444,39.8538,3753071,0
2015-03-24,39.8819,39.9943,39.7227,39.7227,7117370,0
2015-03-25,39.6758,39.7508,38.7015,38.7015,8174282,0
2015-03-26,38.486,38.9263,38.3548,38.7296,9002360,0
2015-03-27,38.739,38.8608,38.5469,38.7577,7909332,0
2015-03-30,39.0481,39.2542,38.9732,39.2261,6605417,0
2015-03-31,39.1043,39.1793,38.8233,38.8233,7963627,0
2015-04-01,38.8608,38.8983,38.4954,38.7671,10427833,0
2015-04-02,38.8326,38.917,38.6827,38.7577,5469259,0
2015-04-06,38.486,39.2073,38.4485,39.1324,7344724,0
2015-04-07,39.1324,39.362,39.0388,39.0481,4684336,0
2015-04-08,39.0481,39.2917,38.9732,39.1699,7203527,0
2015-04-09,39.1699,39.3385,38.9638,39.273,7290096,0
2015-04-10,39.3104,39.4589,39.1886,39.4229,4316277,0
2015-04-13,39.4978,39.6664,39.3011,39.3104,3887185,0
2015-04-14,39.3292,39.376,39.0013,39.1886,5851306,0
2015-04-15,39.2917,39.6196,39.2542,39.5353,12583053,0
2015-04-16,39.376,39.5119,39.2861,39.3948,9114345,0
2015-04-17,39.0669,39.1512,38.7296,38.8514,10159434,0
2015-04-20,39.0294,39.5634,39.0106,39.5165,4845778,0
2015-04-21,39.7508,39.7601,39.451,39.4978,5001390,0
2015-04-22,39.5634,39.9381,39.4322,39.9007,6095141,0
2015-04-23,39.807,40.2192,39.7133,40.0599,5899808,0
2015-04-24,40.3785,40.4534,40.1817,40.4066,6228816,0
2015-04-27,40.5565,40.6876,40.4347,40.519,9250682,0
2015-04-28,40.5565,40.8,40.2379,40.6501,9149837,0
2015-04-29,40.4534,40.697,40.2005,40.4534,8571130,0
2015-04-30,40.2473,40.3691,39.732,39.8913,8652555,0
2015-05-01,40.1349,40.3972,40.0224,40.3785,10548396,0
2015-05-04,40.4721,40.622,40.3972,40.4159,7698750,0
2015-05-05,40.3129,40.3785,39.7601,39.7882,8104890,0
2015-05-06,39.9381,40.0131,39.2168,39.451,9873883,0
2015-05-07,39.5165,39.8819,39.4322,39.7414,5640285,0
2015-05-08,40.1442,40.341,40.0787,40.3129,9819247,0
2015-05-11,40.2848,40.3316,40.0693,40.1068,6046481,0
2015-05-12,39.8913,40.0693,39.5447,39.8913,7650527,0
2015-05-13,40.0599,40.2941,39.9756,40.0599,9306475,0
2015-05-14,40.3785,40.7251,40.341,40.7064,6976158,0
2015-05-15,40.7907,40.8281,40.4815,40.5752,8468238,0
2015-05-18,40.519,40.8469,40.4628,40.7719,3393310,0
2015-05-19,40.8188,40.8656,40.622,40.6689,4565385,0
2015-05-20,40.697,40.9125,40.5471,40.697,11010945,0
2015-05-21,40.6408,40.9218,40.5892,40.875,3713121,0
2015-05-22,40.7438,40.9499,40.7438,40.8469,3968539,0
2015-05-26,40.7251,40.7532,40.1349,40.2567,7924384,0
2015-05-27,40.4066,41.0436,40.3785,41.0155,12587062,0
2015-05-28,40.8844,41.0061,40.8094,40.9312,4664843,0
2015-05-29,40.9312,40.9499,40.5284,40.6314,7738375,0
2015-06-01,40.8656,40.8844,40.4909,40.7438,6936313,0
2015-06-02,40.5939,40.847,40.3925,40.6595,5637768,0
2015-06-03,40.7251,40.9687,40.6642,40.7438,5657318,0
2015-06-04,40.519,40.7532,40.2754,40.3691,8347252,0
2015-06-05,40.3222,40.4066,40.0599,40.2379,7727487,0
2015-06-08,40.2286,40.2379,39.7133,39.7882,8379498,0
2015-06-09,39.7227,39.8444,39.4275,39.6945,7706653,0
2015-06-10,39.7882,40.3972,39.7882,40.3129,8964836,0
2015-06-11,40.4534,40.5565,40.2754,40.3316,5644698,0
2015-06-12,40.1349,40.2005,39.9381,39.9756,6158829,0
2015-06-15,39.7133,39.7873,39.4322,39.732,9179103,0
2015-06-16,39.7133,40.0412,39.6477,39.9943,9173344,0
2015-06-17,40.0224,40.1723,39.7789,40.0131,11023877,0
2015-06-18,39.9943,40.4347,39.985,40.3691,8963184,0
2015-06-19,40.2871,40.3812,40.033,40.033,13434832,0
2015-06-22,40.3718,40.4847,40.2636,40.3624,5437990,0
2015-06-23,40.4471,40.4565,40.2965,40.3906,3993334,0
2015-06-24,40.2965,40.5318,40.2024,40.2024,4846785,0
2015-06-25,40.4188,40.4471,40.0989,40.1083,4913848,0
2015-06-26,40.0801,40.1271,39.6519,39.7695,10174298,0
2015-06-29,39.346,39.5813,38.9131,38.9225,13107438,0
2015-06-30,39.2143,39.2331,38.8567,38.9602,11382948,0
2015-07-01,39.3084,39.3931,39.0496,39.2237,8149497,0
2015-07-02,39.3366,39.4119,39.1249,39.2801,5160664,0
2015-07-06,39.0072,39.299,38.899,39.1202,7509025,0
2015-07-07,39.1955,39.2331,38.4435,39.1766,19659913,0
2015-07-08,38.8567,38.9415,38.5179,38.5367,16160046,0
2015-07-09,38.979,39.0825,38.3861,38.3861,8993801,0
2015-07-10,38.8755,39.1296,38.7814,38.9978,6748349,0
2015-07-13,39.2425,39.6189,39.2331,39.5907,7071532,0
2015-07-14,39.6001,39.8448,39.5813,39.7413,6126352,0
2015-07-15,39.7225,39.873,39.6378,39.7507,6538481,0
2015-07-16,40.0612,40.2777,39.9859,40.2589,5206622,0
2015-07-17,40.6071,40.88,40.5506,40.88,7775002,0
2015-07-20,41.0211,41.2282,40.8753,41.0964,9309458,0
2015-07-21,40.8894,41.0352,40.7859,40.8235,5975225,0
2015-07-22,40.0236,40.3624,39.9954,40.1648,8591254,0
2015-07-23,40.2777,40.4377,39.9859,40.0801,6322622,0
2015-07-24,40.2777,40.3341,39.8307,39.8636,9746087,0
2015-07-27,39.5436,39.794,39.4495,39.506,8653585,0
2015-07-28,39.6754,39.9389,39.3978,39.8636,7887533,0
2015-07-29,39.8636,40.2118,39.7225,40.1271,8376345,0
2015-07-30,39.9577,40.2683,39.7695,40.2024,6808201,0
2015-07-31,40.2495,40.3153,39.9954,40.0706,10911997,0
2015-08-03,40.0518,40.113,39.6048,39.8542,9198287,0
2015-08-04,39.8166,39.8542,39.4731,39.6189,7382741,0
2015-08-05,39.873,40.2871,39.7883,40.0048,10392779,0
2015-08-06,40.0048,40.1648,39.4684,39.6095,6509876,0
2015-08-07,39.5154,39.6942,39.3648,39.6378,7912517,0
2015-08-10,39.8166,40.3012,39.8166,40.2589,5572027,0
2015-08-11,40.1459,40.2024,39.5389,39.6566,27344543,0
2015-08-12,39.3648,39.9107,38.9978,39.8354,10035699,0
2015-08-13,39.8636,39.9859,39.6425,39.7225,6643870,0
2015-08-14,39.6189,39.9577,39.5907,39.9201,5953004,0
2015-08-17,39.7695,40.1506,39.6331,40.1459,5591698,0
2015-08-18,40.0518,40.1083,39.8918,39.9389,4691890,0
2015-08-19,39.8166,40.0142,39.4495,39.6754,9227613,0
2015-08-20,39.2519,39.4213,38.7061,38.7061,13726872,0
2015-08-21,38.292,38.5838,37.2286,37.2286,23666433,0
2015-08-24,34.8289,37.2757,29.4742,35.8923,36103937,0
2015-08-25,37.1439,37.2098,35.4406,35.4782,18605422,0
2015-08-26,36.184,37.3227,35.8735,37.2663,34388362,0
2015-08-27,37.7744,38.1415,37.2898,38.132,20105542,0
2015-08-28,37.9627,38.2732,37.878,38.2073,13836134,0
2015-08-31,38.0379,38.2732,37.765,37.8591,11050274,0
2015-09-01,37.0592,37.3792,36.4664,36.6452,21289046,0
2015-09-02,37.191,37.5674,36.8334,37.5298,12685139,0
2015-09-03,37.7368,38.0426,37.4451,37.558,11031133,0
2015-09-04,37.0592,37.2474,36.8051,36.9839,13780461,0
2015-09-08,37.6897,38.0474,37.5956,38.0191,9454634,0
2015-09-09,38.2638,38.452,37.4404,37.5204,9652295,0
2015-09-10,37.4639,38.1132,37.4451,37.8968,14024421,0
2015-09-11,37.6333,38.0756,37.6239,38.0756,6859731,0
2015-09-14,38.2356,38.2732,37.8874,37.9815,7445376,0
2015-09-15,38.1038,38.5743,38.0003,38.4708,8805981,0
2015-09-16,38.4238,38.6685,38.3767,38.6308,7718131,0
2015-09-17,38.4708,38.9602,38.2356,38.3673,16782643,0
2015-09-18,37.9168,38.2666,37.7845,37.8695,18115054,0
2015-09-21,37.9357,38.3611,37.8979,38.2477,6960565,0
2015-09-22,37.6332,37.7845,37.3685,37.6048,12288203,0
2015-09-23,37.7372,37.8364,37.4914,37.6994,5678204,0
2015-09-24,37.274,37.8034,37.0755,37.6994,11028166,0
2015-09-25,38.0491,38.0964,37.463,37.6332,10828935,0
2015-09-28,37.4725,37.5292,36.7541,36.773,12583343,0
2015-09-29,36.8675,37.1133,36.3476,36.6123,13103413,0
2015-09-30,37.0566,37.3969,36.9526,37.3402,12466813,0
2015-10-01,37.3402,37.4725,36.858,37.3591,13518040,0
2015-10-02,36.9242,37.8884,36.7919,37.8884,14917041,0
2015-10-05,38.1248,38.7298,38.0491,38.6352,8568850,0
2015-10-06,38.5029,38.7676,38.4934,38.6825,9857852,0
2015-10-07,38.8905,39.0181,38.3961,38.8621,15218922,0
2015-10-08,38.7109,39.1209,38.5218,39.0417,15374751,0
2015-10-09,39.1552,39.2402,38.9945,39.2119,11376513,0
2015-10-12,39.297,39.3206,39.089,39.2592,6343682,0
2015-10-13,39.0512,39.4104,39.0417,39.1741,8951820,0
2015-10-14,39.0606,39.3348,38.9945,39.0984,12756050,0
2015-10-15,39.2592,39.6184,39.2402,39.5995,8421884,0
2015-10-16,39.7035,39.7035,39.4388,39.6751,7486266,0
2015-10-19,39.59,39.8263,39.4766,39.8263,7092059,0
2015-10-20,39.6656,39.8311,39.5617,39.7224,5928927,0
2015-10-21,39.8074,39.9114,39.3726,39.4199,9417169,0
2015-10-22,39.7035,40.3935,39.7035,40.3085,14236003,0
2015-10-23,41.3105,41.5941,41.1782,41.4334,16691718,0
2015-10-26,41.3956,41.3956,41.1214,41.2727,8288147,0
2015-10-27,41.1782,41.2916,40.9891,41.0364,7678977,0
2015-10-28,41.2254,41.6508,41.1004,41.6508,14779552,0
2015-10-29,41.405,41.5941,41.2821,41.5374,7609015,0
2015-10-30,41.6035,41.613,41.2538,41.2632,9339523,0
2015-11-02,41.3389,41.6508,41.2349,41.6319,13743283,0
2015-11-03,41.4996,42.0006,41.4239,41.8493,6879046,0
2015-11-04,41.9439,42.01,41.7926,41.8966,7298611,0
2015-11-05,41.9344,42.1377,41.6886,41.7737,6728787,0
2015-11-06,41.7264,41.9344,41.5752,41.9155,6868946,0
2015-11-09,41.7926,41.7926,41.3105,41.509,10146232,0
2015-11-10,41.2727,41.2821,41.0647,41.2349,17273264,0
2015-11-11,41.3294,41.5374,41.1498,41.216,8201149,0
2015-11-12,41.0174,41.216,40.8473,40.8567,8033958,0
2015-11-13,40.7149,40.7669,40.0438,40.0532,15044928,0
2015-11-16,39.9871,40.6771,39.9681,40.6677,9079200,0
2015-11-17,40.7528,40.9891,40.5921,40.6771,9394585,0
2015-11-18,40.8662,41.3277,40.8189,41.2916,10166809,0
2015-11-19,41.3294,41.6791,41.3199,41.4807,9367494,0
2015-11-20,41.6508,41.7973,41.6064,41.7832,7288219,0
2015-11-23,41.8115,41.8304,41.3861,41.5374,7227077,0
2015-11-24,41.2254,41.6744,41.1309,41.5468,11303412,0
2015-11-25,41.5563,41.5657,41.405,41.4145,6576566,0
2015-11-27,41.4617,41.5846,41.3956,41.509,3800711,0
2015-11-30,41.5657,41.6908,41.4145,41.5563,17025593,0
2015-12-01,41.7264,41.9344,41.6366,41.925,7779488,0
2015-12-02,41.9722,42.1282,41.613,41.6603,9697088,0
2015-12-03,41.7737,41.8966,40.9229,41.1214,11854265,0
2015-12-04,41.2443,42.2038,41.1592,42.1329,12840171,0
2015-12-07,42.0857,42.1213,41.7264,41.925,12814944,0
2015-12-08,41.5657,41.9344,41.4428,41.821,11378344,0
2015-12-09,41.6414,41.9533,41.008,41.2065,16254221,0
2015-12-10,41.3199,41.6318,41.1971,41.3199,9073446,0
2015-12-11,40.8662,40.9655,40.4313,40.4597,16959269,0
2015-12-14,40.4503,40.7811,40.0296,40.7717,21034227,0
2015-12-15,41.0836,41.2349,40.8946,40.9513,17021931,0
2015-12-16,41.2065,41.5799,40.7906,41.509,18173802,0
2015-12-17,41.6792,41.6792,40.8473,40.8567,12108646,0
2015-12-18,40.7388,40.8243,39.9978,40.0643,22813935,0
2015-12-21,40.3968,40.5013,40.126,40.4728,11163279,0
2015-12-22,40.6248,40.8338,40.4348,40.7673,9482597,0
2015-12-23,40.9858,41.1474,40.8528,41.1093,8045250,0
2015-12-24,41.1379,41.1949,41.0428,41.0904,2457019,0
2015-12-28,40.9383,41.0904,40.7104,41.0618,7177228,0
2015-12-29,41.3089,41.7307,41.2234,41.6224,6809184,0
2015-12-30,41.6034,41.6034,41.2709,41.2709,7196520,0
2015-12-31,41.1284,41.1538,40.6913,40.6913,8834468,0
2016-01-04,39.9598,40.1688,39.5322,40.1593,21638628,0
2016-01-05,40.2828,40.3778,39.8743,40.0548,16067215,0
2016-01-06,39.4657,39.822,39.3185,39.5607,13858365,0
2016-01-07,38.7532,39.2531,38.3732,38.3922,16840659,0
2016-01-08,38.7247,38.8529,38.0406,38.0881,19233104,0
2016-01-11,38.3542,38.5061,37.8601,38.3352,19135121,0
2016-01-12,38.7437,38.8767,38.2972,38.7912,15841629,0
2016-01-13,39.0762,39.0762,37.6796,37.7461,21962326,0
2016-01-14,37.9076,38.7532,37.4563,38.4587,19795563,0
2016-01-15,37.2046,37.7366,36.9196,37.3756,20177759,0
2016-01-19,37.8126,37.8791,37.0811,37.4136,19658750,0
2016-01-20,36.7771,37.4896,36.1282,37.1191,29631845,0
2016-01-21,37.3281,37.8696,36.8626,37.3281,22135853,0
2016-01-22,38.0406,38.3732,37.9836,38.3637,11248235,0
2016-01-25,38.1546,38.4872,37.8506,37.9171,10480637,0
2016-01-26,38.0691,38.3732,37.8269,38.2877,11473681,0
2016-01-27,37.9741,38.2022,37.3281,37.4991,18022352,0
2016-01-28,38.0501,38.1261,37.5276,37.9836,17566801,0
2016-01-29,38.2972,39.2092,38.2212,39.1807,16113314,0
2016-02-01,39.0192,39.5037,38.986,39.3232,14797320,0
2016-02-02,39.2092,39.2187,38.4967,38.6202,13951155,0
2016-02-03,38.8672,38.8862,37.9741,38.5727,21506247,0
2016-02-04,38.4967,38.8624,38.2022,38.6107,18203043,0
2016-02-05,38.4587,38.5252,37.3756,37.5276,23777385,0
2016-02-08,36.8958,37.0906,36.3448,36.9861,24820851,0
2016-02-09,36.5395,37.3376,36.4778,36.8151,24755356,0
2016-02-10,37.1286,37.5609,36.8531,36.8911,16974976,0
2016-02-11,36.4113,37.0336,36.34,36.7961,24627335,0
2016-02-12,37.0906,37.3376,36.8816,37.3091,10893423,0
2016-02-16,37.7271,37.9836,37.5229,37.9741,10293312,0
2016-02-17,38.1927,38.8292,38.1451,38.7532,11128836,0
2016-02-18,38.8862,38.9337,38.5252,38.6012,11578396,0
2016-02-19,38.4587,38.7437,38.3589,38.6297,8579509,0
2016-02-22,38.9812,39.1997,38.9242,39.1427,6590650,0
2016-02-23,38.9812,39.0192,38.4492,38.5252,8189484,0
2016-02-24,38.1071,38.8957,37.9076,38.8197,10144362,0
2016-02-25,38.9527,39.3232,38.6487,39.3042,9403419,0
2016-02-26,39.5227,39.5607,39.1142,39.1997,9772945,0
2016-02-29,39.1617,39.5284,38.9242,38.9242,13601895,0
2016-03-01,39.2567,40.0833,39.1997,40.0833,12304420,0
2016-03-02,39.9408,40.1973,39.8695,40.1973,8748244,0
2016-03-03,40.2163,40.221,39.8838,40.1973,7883885,0
2016-03-04,40.2068,40.4966,40.0405,40.3018,7885913,0
2016-03-07,40.0738,40.2353,39.7603,40.0548,15813499,0
2016-03-08,39.8173,40.1355,39.6653,39.8078,11700533,0
2016-03-09,39.8648,40.1593,39.8648,40.1498,12160586,0
2016-03-10,40.3208,40.5013,39.6177,40.1118,12938424,0
2016-03-11,40.5108,40.7388,40.4158,40.7293,8820147,0
2016-03-14,40.6058,40.8528,40.5868,40.7768,10060929,0
2016-03-15,40.6153,40.9668,40.5963,40.9288,6321100,0
2016-03-16,40.7388,41.4704,40.7293,41.4039,14756858,0
2016-03-17,41.3279,41.6889,41.2804,41.5559,9366955,0
2016-03-18,41.7184,41.7471,41.4367,41.6229,9414370,0
2016-03-21,41.5275,41.7853,41.5084,41.7662,8003471,0
2016-03-22,41.5752,41.9381,41.5704,41.7757,13112858,0
2016-03-23,41.7184,41.7662,41.4511,41.537,10675096,0
2016-03-24,41.3556,41.6516,41.2983,41.6516,6743333,0
2016-03-28,41.6898,41.7423,41.4702,41.5466,6407959,0
2016-03-29,41.4702,42.2245,41.4224,42.1959,10081507,0
2016-03-30,42.4155,42.6542,42.3486,42.4441,10988322,0
2016-03-31,42.3868,42.5683,42.2818,42.3582,14594927,0
2016-04-01,42.0622,42.7019,42.024,42.6829,9654907,0
2016-04-04,42.616,42.7115,42.4346,42.5205,7646170,0
2016-04-05,42.2436,42.3486,42.024,42.1099,10726144,0
2016-04-06,42.1195,42.5205,41.9667,42.5205,11138477,0
2016-04-07,42.215,42.3009,41.7471,41.9094,10631220,0
2016-04-08,42.129,42.2866,41.7662,41.9094,8762796,0
2016-04-11,42.0908,42.3391,41.7948,41.7948,8138585,0
2016-04-12,41.8712,42.1147,41.5847,42.0813,9591974,0
2016-04-13,42.3295,42.5777,42.2818,42.511,7876600,0
2016-04-14,42.4537,42.6351,42.3534,42.5014,6502749,0
2016-04-15,42.4441,42.5539,42.2532,42.3391,6460875,0
2016-04-18,42.215,42.5205,42.1481,42.5205,7113020,0
2016-04-19,42.5969,42.6447,42.0431,42.2818,6470997,0
2016-04-20,42.32,42.5587,42.1959,42.3677,6877832,0
2016-04-21,42.3105,42.3925,42.1099,42.215,11277897,0
2016-04-22,41.5466,41.7566,41.2601,41.4797,14924441,0
2016-04-25,41.3651,41.5036,41.2601,41.4893,9357526,0
2016-04-26,41.537,41.6325,41.1551,41.2887,7367371,0
2016-04-27,40.7636,41.1455,40.6108,41.0978,12779629,0
2016-04-28,41.1646,41.3078,40.4484,40.5821,22669609,0
2016-04-29,40.353,40.4198,39.9328,40.2288,11896165,0
2016-05-02,40.3148,40.5678,40.1429,40.5248,12552678,0
2016-05-03,40.2479,40.3339,40.0188,40.1524,12531192,0
2016-05-04,39.971,40.1429,39.9137,40.0283,11245655,0
2016-05-05,40.1429,40.2336,39.9519,40.0474,13559918,0
2016-05-06,39.8755,40.3434,39.8755,40.3434,9229886,0
2016-05-09,40.3625,40.5344,40.3148,40.3434,7541183,0
2016-05-10,40.4675,40.8686,40.4198,40.8686,13920189,0
2016-05-11,40.7636,40.9927,40.5726,40.5726,7152065,0
2016-05-12,40.7254,40.7254,40.2002,40.458,9336628,0
2016-05-13,40.4484,40.6967,40.2575,40.3052,10921355,0
2016-05-16,40.3434,40.9641,40.3434,40.8686,6394168,0
2016-05-17,40.7445,40.9402,40.3307,40.458,9940068,0
2016-05-18,40.353,40.8491,40.2957,40.5344,10903724,0
2016-05-19,40.4389,40.4866,40.0713,40.3148,8634847,0
2016-05-20,40.5344,40.8925,40.5057,40.8018,5873037,0
2016-05-23,40.7827,40.9545,40.6872,40.7254,8427695,0
2016-05-24,40.8877,41.5561,40.8877,41.4893,9461493,0
2016-05-25,41.6611,41.9094,41.6038,41.7757,9841925,0
2016-05-26,41.7757,41.9723,41.6907,41.9094,6517143,0
2016-05-27,41.8999,42.1672,41.8521,42.1099,7788018,0
2016-05-31,42.1481,42.2532,41.9476,42.1959,12371423,0
2016-06-01,42.0526,42.2006,41.9858,42.0908,6885457,0
2016-06-02,41.919,42.0526,41.7089,42.0526,7764500,0
2016-06-03,41.9953,42.0479,41.728,41.9571,8304713,0
2016-06-06,41.9858,42.1815,41.9476,42.0335,8635585,0
2016-06-07,42.1672,42.3009,42.1577,42.2054,4409439,0
2016-06-08,42.1959,42.3582,42.129,42.2914,8158477,0
2016-06-09,42.1195,42.3486,42.0908,42.3009,12919521,0
2016-06-10,41.9762,42.1147,41.833,41.9762,8282597,0
2016-06-13,41.6038,41.8521,41.4988,41.5084,11852077,0
2016-06-14,41.4129,41.6707,41.3078,41.6038,8420593,0
2016-06-15,41.6707,41.7519,41.4511,41.4988,7078108,0
2016-06-16,41.2887,41.6516,41.0596,41.5847,9596270,0
2016-06-17,41.4996,41.5956,41.1206,41.3077,11465214,0
2016-06-20,41.6724,41.8403,41.4709,41.4805,6855969,0
2016-06-21,41.6052,41.8643,41.5668,41.7683,5743865,0
2016-06-22,41.7779,41.9314,41.5764,41.6244,6495250,0
2016-06-23,41.893,42.2289,41.7395,42.1905,9763425,0
2016-06-24,40.7032,41.3922,40.4825,40.5689,23623029,0
2016-06-27,40.2714,40.2714,39.5902,39.7533,18516994,0
2016-06-28,40.1947,40.5401,40.1275,40.5401,13244697,0
2016-06-29,40.8184,41.231,40.804,41.1638,10504239,0
2016-06-30,41.2598,41.634,41.1638,41.6148,13355324,0
2016-07-01,41.6436,41.8374,41.586,41.7107,7474705,0
2016-07-05,41.49,41.5476,41.279,41.4037,8680740,0
2016-07-06,41.2694,41.7011,41.1254,41.6915,7850842,0
2016-07-07,41.6532,41.8835,41.538,41.6915,6166060,0
2016-07-08,41.893,42.3728,41.8451,42.344,12748165,0
2016-07-11,42.4784,42.6847,42.44,42.5935,5831795,0
2016-07-12,42.8814,42.9965,42.747,42.9389,16042816,0
2016-07-13,43.0637,43.0925,42.9236,42.9485,10609441,0
2016-07-14,43.1884,43.3227,43.0925,43.2268,15488264,0
2016-07-15,43.3707,43.3707,43.0637,43.1884,4864805,0
2016-07-18,43.2556,43.5242,43.1788,43.4763,4107249,0
2016-07-19,43.3995,43.4859,43.3169,43.3803,4457922,0
2016-07-20,43.7162,44.0232,43.6586,43.9464,5384911,0
2016-07-21,43.956,44.0136,43.6106,43.7162,5473385,0
2016-07-22,43.6874,43.9752,43.5914,43.9752,4707250,0
2016-07-25,43.8985,43.9992,43.7833,43.9177,4244901,0
2016-07-26,43.9656,44.1431,43.8025,44.0136,9057685,0
2016-07-27,44.4934,44.4934,44.1671,44.3782,10910076,0
2016-07-28,44.4358,44.5366,44.2295,44.407,6329670,0
2016-07-29,44.5989,44.6757,44.4357,44.5701,10589749,0
2016-08-01,44.5701,44.7429,44.4886,44.6565,7841696,0
2016-08-02,44.5701,44.6661,44.1096,44.3207,11112406,0
2016-08-03,44.2823,44.4742,44.2728,44.4742,7980940,0
2016-08-04,44.4838,44.7333,44.4454,44.7141,8376364,0
2016-08-05,44.858,45.165,44.81,45.1459,6063052,0
2016-08-08,45.1938,45.309,45.0403,45.1363,5219585,0
2016-08-09,45.1363,45.3474,45.1363,45.2322,14918477,0
2016-08-10,45.2514,45.2706,45.0307,45.0883,3556299,0
2016-08-11,45.2322,45.3761,45.1842,45.2514,5259325,0
2016-08-12,45.2418,45.2418,45.1075,45.2034,3468714,0
2016-08-15,45.261,45.5105,45.2274,45.4241,8280742,0
2016-08-16,45.3474,45.3474,45.0883,45.0883,4538978,0
2016-08-17,45.1075,45.1267,44.81,45.0691,5287546,0
2016-08-18,45.0595,45.1363,44.9204,45.0883,3543209,0
2016-08-19,44.9635,45.1554,44.858,45.1171,4788309,0
2016-08-22,44.9923,45.1649,44.9156,45.1171,4628665,0
2016-08-23,45.2514,45.3857,45.2418,45.2802,8315308,0
2016-08-24,45.261,45.2802,44.9252,45.0307,6824434,0
2016-08-25,44.9539,45.1842,44.8772,45.1267,5912652,0
2016-08-26,45.0979,45.4721,44.9012,45.1459,12113571,0
2016-08-29,45.1267,45.3857,45.1267,45.3186,6982772,0
2016-08-30,45.2322,45.3282,45.0115,45.165,5718155,0
2016-08-31,45.1075,45.1554,44.9444,45.0883,11161161,0
2016-09-01,45.0787,45.2706,44.8772,45.2322,9239600,0
2016-09-02,45.4529,45.5585,45.2322,45.4337,6907176,0
2016-09-06,45.4625,45.664,45.4049,45.664,15107377,0
2016-09-07,45.664,45.7887,45.5393,45.7791,11584977,0
2016-09-08,45.616,45.6256,45.285,45.4049,8302600,0
2016-09-09,44.9923,45.1507,44.2919,44.2919,16809191,0
2016-09-12,44.0712,45.1267,44.004,45.0307,19010477,0
2016-09-13,44.858,45.0176,44.5222,44.7045,17358765,0
2016-09-14,44.7141,45.1938,44.7045,44.9156,17108742,0
2016-09-15,45.0115,45.7408,44.9156,45.6544,16319148,0
2016-09-16,45.6694,45.6694,45.284,45.4863,15883059,0
2016-09-19,45.6019,45.8235,45.2744,45.3996,7121315,0
2016-09-20,45.5538,45.6405,45.3096,45.3707,5001096,0
2016-09-21,45.5441,45.9103,45.3707,45.8814,12047883,0
2016-09-22,46.1511,46.2138,46.0452,46.1608,10498539,0
2016-09-23,46.1511,46.1511,45.679,45.7561,11986538,0
2016-09-26,45.5634,45.6424,45.3996,45.4863,9620379,0
2016-09-27,45.5441,46.0066,45.4285,45.9873,8784549,0
2016-09-28,46.0259,46.0933,45.785,46.0741,9048720,0
2016-09-29,46.0162,46.129,45.6598,45.7946,11406897,0
2016-09-30,45.9006,46.1752,45.8621,46.0355,9255328,0
2016-10-03,45.9103,46.0162,45.791,45.9006,6231442,0
2016-10-04,46.0548,46.127,45.5763,45.7368,8902234,0
2016-10-05,45.8621,46.0066,45.8139,45.9006,9007846,0
2016-10-06,45.9392,46.05,45.7368,46.0066,5005874,0
2016-10-07,46.0452,46.103,45.6598,45.8814,6073940,0
2016-10-10,46.1222,46.3053,46.0933,46.1993,6657950,0
2016-10-11,46.1993,46.2571,45.4767,45.679,8727329,0
2016-10-12,45.7176,45.8814,45.4815,45.7561,5520367,0
2016-10-13,45.4574,45.6116,45.0817,45.4671,9669204,0
2016-10-14,45.6501,45.9488,45.6019,45.6405,9448281,0
2016-10-17,45.6405,45.732,45.5152,45.5441,5075076,0
2016-10-18,45.8814,45.997,45.7368,45.7946,5058937,0
2016-10-19,45.7657,45.9295,45.679,45.8814,5034977,0
2016-10-20,45.7657,45.785,45.4478,45.6694,6148003,0
2016-10-21,45.7368,45.8235,45.6116,45.7946,8076945,0
2016-10-24,46.0355,46.2668,45.997,46.2379,5393134,0
2016-10-25,46.3053,46.3053,45.9873,46.0741,4362405,0
2016-10-26,45.6887,46.0596,45.6694,45.8139,6279706,0
2016-10-27,46.0162,46.0259,45.6983,45.7561,8821067,0
2016-10-28,45.8814,46.18,45.5923,45.7079,10418875,0
2016-10-31,45.8235,45.891,45.6887,45.6887,5879960,0
2016-11-01,45.785,45.8332,44.9811,45.2936,9065290,0
2016-11-02,45.2936,45.4285,44.8943,45.0046,8167290,0
2016-11-03,44.8793,44.9757,44.5517,44.571,10125726,0
2016-11-04,44.5325,44.8504,44.3816,44.4939,8153967,0
2016-11-07,45.1491,45.4767,45.0431,45.4574,13225998,0
2016-11-08,45.3707,45.8669,45.3225,45.679,9780031,0
2016-11-09,44.9853,45.6983,44.7444,45.6212,27129429,0
2016-11-10,45.8814,45.8814,44.2627,44.889,39515508,0
2016-11-11,44.6385,45.1202,44.6385,45.0239,14091551,0
2016-11-14,45.0624,45.0913,44.1278,44.3398,18970968,0
2016-11-15,44.6385,45.1228,44.6192,44.966,17370846,0
2016-11-16,44.8601,45.4092,44.8023,45.3803,10124244,0
2016-11-17,45.4382,45.7079,45.3323,45.6694,8524101,0
2016-11-18,45.7754,45.8717,45.5393,45.6309,8822991,0
2016-11-21,45.7946,46.1295,45.7272,46.0933,8975710,0
2016-11-22,46.2475,46.313,46.1319,46.2379,8489187,0
2016-11-23,46.2089,46.2089,45.891,46.0548,8116794,0
2016-11-25,46.0837,46.2571,46.0355,46.2475,3109508,0
2016-11-28,46.2089,46.498,46.18,46.286,7487843,0
2016-11-29,46.2571,46.5365,46.1511,46.3149,5928430,0
2016-11-30,46.3824,46.3824,45.7561,45.7657,11816590,0
2016-12-01,45.7079,45.8235,44.6963,44.8215,21865579,0
2016-12-02,44.783,45.0913,44.677,44.9853,10052653,0
2016-12-05,45.2358,45.5297,45.0528,45.4189,9005036,0
2016-12-06,45.5249,45.6309,45.3418,45.5538,9254789,0
2016-12-07,45.5249,46.4568,45.496,46.4209,9972934,0
2016-12-08,46.4402,46.7389,46.3149,46.5365,9677051,0
2016-12-09,46.71,46.8738,46.6329,46.8738,12307454,0
2016-12-12,46.7292,46.8352,46.5847,46.7292,9585230,0
2016-12-13,46.9316,47.5482,46.9027,47.317,13966966,0
2016-12-14,47.3459,47.5289,47.0568,47.1532,17915012,0
2016-12-15,47.211,47.6012,47.1339,47.3651,11570018,0
2016-12-16,47.497,47.5064,46.9512,47.0228,10565736,0
2016-12-19,47.0615,47.5163,47.0228,47.3615,6626990,0
2016-12-20,47.4873,47.6131,47.4196,47.5357,5706485,0
2016-12-21,47.5163,47.5357,47.3422,47.4389,4623681,0
2016-12-22,47.4389,47.468,47.1922,47.3422,11105195,0
2016-12-23,47.2938,47.4002,47.2102,47.3905,6358653,0
2016-12-27,47.4389,47.8067,47.4196,47.5841,6840653,0
2016-12-28,47.6422,47.7051,47.1389,47.1583,7777577,0
2016-12-29,47.1583,47.2889,47.0518,47.168,4796544,0
2016-12-30,47.2744,47.2744,46.6551,46.8002,8501616,0
2017-01-03,47.1002,47.3809,46.9357,47.2163,13940564,0
2017-01-04,47.2551,47.4486,47.226,47.3809,7223081,0
2017-01-05,47.3325,47.5744,47.2744,47.4583,5502865,0
2017-01-06,47.4583,47.8744,47.3228,47.8067,8750635,0
2017-01-09,47.8357,47.9518,47.768,47.797,8313464,0
2017-01-10,47.8067,47.9712,47.6422,47.8067,7735815,0
2017-01-11,47.7196,48.0293,47.6567,48.0293,7586507,0
2017-01-12,47.8454,47.9663,47.4583,47.9131,6862721,0
2017-01-13,47.9131,48.1454,47.9131,48.0583,4832928,0
2017-01-17,47.9325,48.0051,47.768,47.8744,4825753,0
2017-01-18,48.0099,48.068,47.8793,48.0002,6157702,0
2017-01-19,48.0002,48.1696,47.8454,47.9325,7250031,0
2017-01-20,48.1454,48.3196,48.068,48.1938,8755400,0
2017-01-23,48.1454,48.3002,47.9422,48.2809,11977629,0
2017-01-24,48.2422,48.6534,48.2228,48.5809,6510953,0
2017-01-25,48.8422,49.0454,48.8034,49.0454,9197791,0
2017-01-26,49.0357,49.0696,48.7744,48.9099,7126488,0
2017-01-27,49.0841,49.1905,48.997,49.1035,6022812,0
2017-01-30,48.9389,48.9389,48.4841,48.7067,8446577,0
2017-01-31,48.5518,48.6002,48.2518,48.4647,9557845,0
2017-02-01,48.9099,48.9873,48.5615,48.8325,11681141,0
2017-02-02,48.6873,48.818,48.4841,48.7357,8598869,0
2017-02-03,48.9196,49.118,48.9099,49.0551,6833575,0
2017-02-06,48.9873,49.0889,48.8615,49.0841,6726518,0
2017-02-07,49.1809,49.3357,49.1422,49.2776,10053184,0
2017-02-08,49.326,49.4422,49.1373,49.3647,6353085,0
2017-02-09,49.3938,49.6454,49.3647,49.5196,4870022,0
2017-02-10,49.6357,49.7422,49.5051,49.6647,4177870,0
2017-02-13,49.7518,49.9454,49.6841,49.8873,6579703,0
2017-02-14,49.8293,50.0518,49.6841,50.0518,6233755,0
2017-02-15,50.0131,50.2551,49.9647,50.2164,5947517,0
2017-02-16,50.2841,50.468,50.2115,50.3325,7061549,0
2017-02-17,50.2744,50.5067,50.197,50.5067,7087697,0
2017-02-21,50.6131,50.7873,50.5357,50.768,7618703,0
2017-02-22,50.7196,50.8647,50.6131,50.826,6884815,0
2017-02-23,50.8938,50.9325,50.5938,50.8164,6702668,0
2017-02-24,50.5164,50.9518,50.4873,50.9325,7772505,0
2017-02-27,50.9228,50.9228,50.7873,50.9035,7975631,0
2017-02-28,50.8164,50.8647,50.5841,50.6615,7621497,0
2017-03-01,50.9712,51.4454,50.8551,51.3777,9095297,0
2017-03-02,51.3293,51.3389,51.0099,51.0389,7170112,0
2017-03-03,51.0002,51.1551,50.8938,51.1551,7856975,0
2017-03-06,50.9422,51.1647,50.8551,51.0777,6715162,0
2017-03-07,51.0389,51.2906,51.0002,51.0777,6980447,0
2017-03-08,51.1357,51.2906,51.0631,51.1357,5680931,0
2017-03-09,51.1454,51.2035,50.8744,51.126,7650187,0
2017-03-10,51.368,51.5035,51.1841,51.397,7354788,0
2017-03-13,51.397,51.5035,51.3486,51.4454,7461245,0
2017-03-14,51.4067,51.4067,51.1309,51.3293,7239872,0
2017-03-15,51.4067,51.7648,51.2518,51.6777,8933564,0
2017-03-16,51.8712,51.8858,51.6499,51.7067,10977953,0
2017-03-17,51.9061,51.9838,51.7992,51.8186,6895356,0
2017-03-20,51.8283,51.9825,51.7215,51.8484,4541841,0
2017-03-21,52.0032,52.1295,51.09,51.1094,14905546,0
2017-03-22,51.1192,51.5078,51.0512,51.43,11383320,0
2017-03-23,51.3523,51.5078,51.2115,51.294,11359352,0
2017-03-24,51.4689,51.6438,51.1532,51.3329,13140900,0
2017-03-27,50.9054,51.4398,50.8374,51.3329,6845008,0
2017-03-28,51.2843,51.8186,51.1969,51.702,8453958,0
2017-03-29,51.6826,51.8186,51.566,51.7895,5705132,0
2017-03-30,51.7506,51.95,51.7118,51.8866,8754343,0
2017-03-31,51.8381,51.9643,51.7354,51.7895,6103498,0
2017-04-03,51.8381,51.9158,51.4252,51.7409,13017947,0
2017-04-04,51.5272,51.7798,51.5078,51.7798,7520797,0
2017-04-05,51.8283,52.1781,51.5175,51.566,10477873,0
2017-04-06,51.6243,51.7312,51.4495,51.5758,6935088,0
2017-04-07,51.498,51.6826,51.362,51.5466,6469388,0
2017-04-10,51.5758,51.6972,51.3474,51.4495,4843637,0
2017-04-11,51.362,51.4349,50.8374,51.2552,8457135,0
2017-04-12,51.2066,51.26,50.9783,51.0803,8684215,0
2017-04-13,51.022,51.362,50.8763,50.8763,9766588,0
2017-04-17,51.0317,51.362,51.0317,51.3426,7066033,0
2017-04-18,51.2066,51.4311,51.1289,51.3329,6243585,0
2017-04-19,51.4106,51.5952,51.1969,51.294,7260503,0
2017-04-20,51.43,51.8429,51.3523,51.7603,7581852,0
2017-04-21,51.7798,51.7895,51.5563,51.6535,7616549,0
2017-04-24,52.2169,52.3043,52.1004,52.2655,8104989,0
2017-04-25,52.4792,52.6417,52.3869,52.5375,10044772,0
2017-04-26,52.5764,52.6638,52.4307,52.4792,8147176,0
2017-04-27,52.6152,52.7318,52.5618,52.693,8591719,0
2017-04-28,52.8581,52.9358,52.7027,52.829,11418367,0
2017-05-01,53.0233,53.2904,52.9261,53.2273,7562960,0
2017-05-02,53.3341,53.4216,53.1496,53.3438,7535068,0
2017-05-03,53.169,53.2855,53.0039,53.2467,7154453,0
2017-05-04,53.2661,53.2953,53.033,53.2078,7579850,0
2017-05-05,53.2953,53.4167,53.1641,53.4021,6825813,0
2017-05-08,53.441,53.664,53.3438,53.6353,6070112,0
2017-05-09,53.6936,53.8442,53.5964,53.7033,7694281,0
2017-05-10,53.7616,53.9462,53.6401,53.9073,5302044,0
2017-05-11,53.7422,53.8684,53.5284,53.8393,9098048,0
2017-05-12,53.8879,54.0045,53.8296,53.9753,4653845,0
2017-05-15,54.0433,54.2765,54.0142,54.2765,9949265,0
2017-05-16,54.4028,54.529,54.2182,54.529,9061070,0
2017-05-17,54.1016,54.1502,53.0135,53.0427,18544954,0
2017-05-18,52.9067,53.5576,52.8192,53.3536,16822248,0
2017-05-19,53.645,53.8296,53.5867,53.6644,10219114,0
2017-05-22,53.7907,54.1599,53.781,54.0919,10510254,0
2017-05-23,54.3153,54.3736,54.0433,54.189,6610474,0
2017-05-24,54.3348,54.4222,54.2036,54.4125,9427733,0
2017-05-25,54.5873,54.9157,54.4763,54.8011,6113536,0
2017-05-26,54.7525,54.8399,54.6311,54.7719,36282202,0
2017-05-30,54.7913,55.0633,54.7233,55.0051,5925282,0
2017-05-31,55.2091,55.2285,54.7331,54.9176,14246143,0
2017-06-01,55.0342,55.0536,54.7088,55.0536,8436237,0
2017-06-02,55.2577,55.5685,55.0779,55.5588,8491012,0
2017-06-05,55.5588,55.7531,55.4908,55.6074,6765833,0
2017-06-06,55.5394,55.7823,55.4325,55.5005,7685189,0
2017-06-07,55.6268,55.7725,55.384,55.6754,8703668,0
2017-06-08,55.7725,55.8405,55.4908,55.8017,7102430,0
2017-06-09,55.8794,55.9766,53.645,54.4222,35142479,0
2017-06-12,53.8587,54.189,53.2078,54.1016,35706388,0
2017-06-13,54.3639,54.6651,54.0919,54.4902,18293443,0
2017-06-14,54.7039,54.7136,53.7762,54.2279,16180604,0
2017-06-15,53.6159,54.0627,53.3827,53.985,14750458,0
2017-06-16,53.9883,54.007,53.6665,53.8908,21611258,0
2017-06-19,54.3005,54.7296,54.2712,54.6906,9929199,0
2017-06-20,54.6711,54.7004,54.2517,54.2517,10957735,0
2017-06-21,54.437,54.5833,54.2712,54.5541,12293150,0
2017-06-22,54.7199,54.7589,54.398,54.5736,8792805,0
2017-06-23,54.5248,55.0507,54.437,54.915,16423571,0
2017-06-26,55.2076,55.3246,54.5638,54.6223,9727935,0
2017-06-27,54.3297,54.4273,53.725,53.725,12895539,0
2017-06-28,53.9298,54.4468,53.5689,54.398,12975962,0
2017-06-29,54.1444,54.1444,52.9934,53.4226,20973423,0
2017-06-30,53.6469,53.7347,53.3251,53.3738,15371868,0
2017-07-03,53.5982,53.6957,52.9447,53.0032,16552937,0
2017-07-05,53.1983,53.6323,53.0227,53.5299,14809389,0
2017-07-06,53.0617,53.3348,52.9154,53.0422,12793357,0
2017-07-07,53.2373,53.8323,53.1983,53.6567,8818162,0
2017-07-10,53.6665,54.1688,53.5884,54.0469,5594233,0
2017-07-11,53.9883,54.2517,53.7835,54.1639,6856538,0
2017-07-12,54.5346,54.915,54.5004,54.8662,16551936,0
2017-07-13,54.9442,55.1637,54.8467,54.9735,8125081,0
2017-07-14,55.2076,55.5197,55.1295,55.4612,6689615,0
2017-07-17,55.51,55.627,55.3636,55.4709,9837090,0
2017-07-18,55.3636,55.7245,55.2271,55.7245,9920176,0
2017-07-19,55.8123,56.0562,55.7636,56.0074,6673574,0
2017-07-20,56.1635,56.183,55.8026,56.1245,10372868,0
2017-07-21,55.8806,56.0659,55.8221,56.0562,5919823,0
2017-07-24,56.0269,56.2415,55.9099,56.1927,5378125,0
2017-07-25,56.0172,56.1976,55.8416,56.0854,6880283,0
2017-07-26,56.3878,56.3976,56.1147,56.3,10602647,0
2017-07-27,56.6999,56.7682,55.3929,56.0854,23047172,0
2017-07-28,55.8026,56.1342,55.7538,56.0269,10293081,0
2017-07-31,56.1147,56.2415,55.6953,55.7538,10982828,0
2017-08-01,56.0367,56.0854,55.8318,56.0367,8307155,0
2017-08-02,56.6122,56.6219,55.8416,56.1927,12573937,0
2017-08-03,56.2708,56.2708,55.8952,56.0659,10687844,0
2017-08-04,56.183,56.3634,56.0659,56.1927,4756919,0
2017-08-07,56.2708,56.5341,56.2464,56.5341,7683006,0
2017-08-08,56.4561,56.895,56.3,56.4561,10460698,0
2017-08-09,56.0952,56.4658,56.0659,56.4268,6972812,0
2017-08-10,56.1245,56.183,55.2807,55.3149,14911852,0
2017-08-11,55.4027,55.8757,55.3344,55.6953,14968108,0
2017-08-14,56.2025,56.6609,56.0854,56.5829,9758534,0
2017-08-15,56.6999,56.7926,56.4951,56.6707,7052565,0
2017-08-16,56.7585,57.0413,56.6512,56.8365,9055919,0
2017-08-17,56.6219,56.7097,55.7245,55.7245,12968882,0
2017-08-18,55.7245,56.0562,55.4514,55.666,16696480,0
2017-08-21,55.705,55.7636,55.2759,55.6465,7978621,0
2017-08-22,55.9391,56.5146,55.9001,56.4756,8461229,0
2017-08-23,56.1635,56.4902,56.144,56.339,8923746,0
2017-08-24,56.4756,56.5304,56.0074,56.2903,8094109,0
2017-08-25,56.4756,56.6414,56.1635,56.2805,8333057,0
2017-08-28,56.4171,56.4902,56.2317,56.3878,5993304,0
2017-08-29,55.9294,56.7048,55.8611,56.6317,8689804,0
2017-08-30,56.6902,57.0803,56.5585,57.0413,7654021,0
2017-08-31,57.1779,57.4803,57.1096,57.3827,9425768,0
2017-09-01,57.529,57.5778,57.2608,57.3339,6013134,0
2017-09-05,57.1681,57.2705,56.4463,56.8267,11901718,0
2017-09-06,57.0023,57.0803,56.6317,56.8755,9113735,0
2017-09-07,57.0608,57.1876,56.856,57.0706,7693809,0
2017-09-08,56.9828,57.0608,56.5585,56.6024,6259222,0
2017-09-11,57.0511,57.4608,57.0511,57.4022,7037299,0
2017-09-12,57.568,57.6461,57.2754,57.5388,7861747,0
2017-09-13,57.4705,57.4803,57.2364,57.4608,8128285,0
2017-09-14,57.2462,57.529,57.1389,57.2657,7626700,0
2017-09-15,57.216,57.5488,57.1181,57.4999,13123809,0
2017-09-18,57.588,57.7593,57.3335,57.5488,10411964,0
2017-09-19,57.6369,57.9208,57.4901,57.8033,5616132,0
2017-09-20,57.7935,57.8131,57.167,57.5684,8950822,0
2017-09-21,57.5488,57.5488,57.0692,57.2551,8104649,0
2017-09-22,57.0692,57.3628,57.0398,57.2845,4824802,0
2017-09-25,57.0985,57.0985,56.3546,56.6091,13573050,0
2017-09-26,56.9125,57.0496,56.6384,56.8146,9053314,0
2017-09-27,57.0692,57.5684,56.9811,57.3922,7635478,0
2017-09-28,57.2454,57.4852,57.1279,57.4607,5589237,0
2017-09-29,57.5586,57.9012,57.4901,57.8523,12428714,0
2017-10-02,57.9991,58.1237,57.6575,57.9404,7571862,0
2017-10-03,57.9893,58.1019,57.9208,58.0774,6466221,0
2017-10-04,57.9795,58.1263,57.7837,58.0383,6649636,0
2017-10-05,58.2144,58.606,58.1851,58.5962,6422654,0
2017-10-06,58.4004,58.7137,58.3809,58.6843,5926382,0
2017-10-09,58.7724,58.9584,58.7333,58.8311,6949243,0
2017-10-10,59.0171,59.0661,58.5864,58.8899,5472917,0
2017-10-11,58.8116,59.1052,58.8116,59.0857,4980942,0
2017-10-12,58.9486,59.2227,58.8703,58.9388,6106396,0
2017-10-13,59.1542,59.3255,59.1542,59.2227,5949956,0
2017-10-16,59.3695,59.4479,59.2325,59.4381,8306357,0
2017-10-17,59.4185,59.4381,59.2423,59.4381,5131673,0
2017-10-18,59.6143,59.6632,59.3989,59.5849,6091317,0
2017-10-19,59.3304,59.4772,59.0171,59.4087,6872564,0
2017-10-20,59.7709,59.8786,59.673,59.81,7407398,0
2017-10-23,59.9079,59.9569,59.4576,59.5262,7055234,0
2017-10-24,59.6436,59.7905,59.4488,59.6926,8035815,0
2017-10-25,59.5555,59.7317,58.978,59.3695,9225908,0
2017-10-26,59.7121,59.8688,59.5702,59.6143,9436449,0
2017-10-27,60.5736,61.386,60.5736,61.2196,14539163,0
2017-10-30,61.2392,61.5916,61.1251,61.3567,8574688,0
2017-10-31,61.5916,61.7439,61.3469,61.621,10111336,0
2017-11-01,61.9146,61.993,61.3077,61.6308,9550669,0
2017-11-02,61.6308,61.7189,61.1903,61.6601,10224594,0
2017-11-03,61.9832,62.2083,61.621,62.1496,7659654,0
2017-11-06,62.1104,62.3062,62.0713,62.2866,6000230,0
2017-11-07,62.3551,62.3747,62.0566,62.316,5775620,0
2017-11-08,62.316,62.6684,62.1447,62.6586,9100464,0
2017-11-09,62.1789,62.267,61.5329,62.1594,10244746,0
2017-11-10,62.0811,62.2083,61.9293,62.1594,5983174,0
2017-11-13,61.9244,62.2181,61.9146,62.1398,4300290,0
2017-11-14,61.9538,62.0811,61.665,62.0125,7370757,0
2017-11-15,61.7091,61.7939,61.3812,61.5525,8492534,0
2017-11-16,62.0027,62.5411,62.0027,62.4139,7641083,0
2017-11-17,62.3258,62.3747,61.9685,62.0125,8302190,0
2017-11-20,62.1594,62.2964,62.0713,62.2475,6579936,0
2017-11-21,62.4922,62.9425,62.4432,62.9033,8173956,0
2017-11-22,62.9033,62.9229,62.6782,62.7859,12115822,0
2017-11-24,62.8837,63.1676,62.8642,63.1383,4339077,0
2017-11-27,63.0306,63.2215,62.9229,63.1383,6889160,0
2017-11-28,63.2361,63.4026,62.9816,63.3438,11311646,0
2017-11-29,63.2361,63.2459,61.5133,61.944,33640233,0
2017-11-30,62.2181,62.6586,61.993,62.4922,21047475,0
2017-12-01,62.1104,62.4824,61.2686,62.1692,19211806,0
2017-12-04,62.5607,62.5901,61.112,61.1707,16805547,0
2017-12-05,61.063,61.8951,60.7987,61.1903,13927081,0
2017-12-06,60.9455,61.714,60.7938,61.5818,13262335,0
2017-12-07,61.621,62.081,61.5818,61.9636,11685609,0
2017-12-08,62.3747,62.5607,62.1055,62.2573,10059018,0
2017-12-11,62.2279,62.7956,62.1887,62.7956,11421605,0
2017-12-12,62.7565,63.0012,62.5206,62.7761,8397001,0
2017-12-13,62.9914,63.0991,62.7173,62.7956,10356137,0
2017-12-14,62.9033,63.0648,62.688,62.7173,10946045,0
2017-12-15,62.9416,63.5213,62.7549,63.4329,21305213,0
2017-12-18,63.875,64.0617,63.7768,63.9929,10760780,0
2017-12-19,63.8456,63.9044,63.4427,63.5999,11976844,0
2017-12-20,63.8259,63.875,63.2757,63.5803,8965187,0
2017-12-21,63.7227,63.7964,63.3897,63.4525,15941851,0
2017-12-22,63.3641,63.4673,63.2462,63.4132,5485693,0
2017-12-26,63.0202,63.0595,62.7599,62.9908,6219227,0
2017-12-27,63.0006,63.1774,62.9515,63.0595,5346813,0
2017-12-28,63.2462,63.2855,63.0595,63.1676,9658201,0
2017-12-29,63.2069,63.2266,62.7844,62.8335,6693188,0
2018-01-02,63.089,63.6098,62.9318,63.6098,13722817,0
2018-01-03,63.7277,64.1796,63.6589,64.1403,11331794,0
2018-01-04,64.3958,64.6316,64.2484,64.4646,10746591,0
2018-01-05,64.7986,65.2015,64.6709,65.1425,9677970,0
2018-01-08,65.113,65.5061,65.0737,65.3882,6733905,0
2018-01-09,65.5159,65.5355,65.113,65.2211,10606414,0
2018-01-10,64.8674,65.0148,64.6807,64.9951,10407785,0
2018-01-11,65.1425,65.2899,64.9853,65.2604,7887761,0
2018-01-12,65.1818,65.732,65.0934,65.6436,8154313,0
2018-01-16,66.0465,66.2774,65.2162,65.3882,18221762,0
2018-01-17,65.7615,66.4296,65.5454,66.3707,14688082,0
2018-01-18,66.3707,66.6605,66.3117,66.4886,14922916,0
2018-01-19,66.6163,66.7244,66.2724,66.6163,11947212,0
2018-01-22,66.5672,67.2746,66.4306,67.2648,9002067,0
2018-01-23,67.481,67.6971,67.3434,67.5596,10230061,0
2018-01-24,67.7364,67.8543,66.8128,67.0388,18509512,0
2018-01-25,67.4613,67.5203,66.7539,66.9209,12975913,0
2018-01-26,67.3827,67.9821,67.2353,67.9821,10048638,0
2018-01-29,67.7856,67.7856,67.2746,67.3631,27589931,0
2018-01-30,66.8128,67.1469,66.5778,66.7539,14831240,0
2018-01-31,67.1469,67.3581,66.8128,67.255,15348877,0
2018-02-01,67.0093,67.7806,66.9995,67.3139,16324964,0
2018-02-02,66.5574,66.6163,65.3096,65.3194,21964705,0
2018-02-05,64.6218,65.845,62.5584,62.5879,49279802,0
2018-02-06,61.7429,64.4891,61.3892,64.386,45134653,0
2018-02-07,64.2288,64.8871,63.5606,63.5606,23712554,0
2018-02-08,63.7375,63.8554,60.9078,60.9274,27814273,0
2018-02-09,61.91,62.8728,59.9066,62.4209,36350175,0
2018-02-12,63.089,63.934,62.6272,63.541,17814755,0
2018-02-13,63.1774,63.8554,62.9957,63.6982,9542038,0
2018-02-14,63.3445,64.9706,63.3052,64.8674,16058841,0
2018-02-15,65.4864,66.1054,64.72,66.1054,12152462,0
2018-02-16,65.9089,66.7136,65.8401,66.0072,10167145,0
2018-02-20,65.6731,66.5869,65.6043,66.0661,16917649,0
2018-02-21,66.3216,66.8767,65.6338,65.6436,14551218,0
2018-02-22,65.8696,66.3167,65.5355,65.7222,10979387,0
2018-02-23,66.2626,67.0978,66.1054,67.0978,10386168,0
2018-02-26,67.3827,68.1491,67.3827,68.1491,10797190,0
2018-02-27,68.1786,68.4881,67.4613,67.4613,12790591,0
2018-02-28,67.8445,68.1294,66.97,66.9799,15232048,0
2018-03-01,67.1371,67.3925,65.3685,65.8696,21486816,0
2018-03-02,65.1229,66.6311,64.946,66.4984,19196109,0
2018-03-05,66.184,67.4024,66.0366,67.1764,10888925,0
2018-03-06,67.5596,67.648,67.0265,67.3238,10151938,0
2018-03-07,66.8227,67.7659,66.8227,67.6971,11109750,0
2018-03-08,67.9035,68.0508,67.5694,67.9919,7623964,0
2018-03-09,68.4733,69.279,68.3849,69.279,12342535,0
2018-03-12,69.4854,69.7703,69.2987,69.4952,13506245,0
2018-03-13,69.8489,70.0945,68.4635,68.6993,13809416,0
2018-03-14,69.0432,69.1022,68.2965,68.6404,13881448,0
2018-03-15,68.66,69.0825,68.3456,68.6797,11501443,0
2018-03-16,68.7957,69.0421,68.5197,68.6084,12202272,0
2018-03-19,67.9678,68.0762,66.6964,67.2483,19868388,0
2018-03-20,67.0807,67.4725,66.8442,67.2187,9382796,0
2018-03-21,67.0709,67.7017,66.6323,66.8146,10933467,0
2018-03-22,66.0064,66.3908,65.0405,65.0898,21195063,0
2018-03-23,65.0504,65.3362,63.3256,63.3551,20950788,0
2018-03-26,64.6463,65.8487,63.7494,65.76,25125797,0
2018-03-27,66.1641,66.2036,63.158,63.6508,29748560,0
2018-03-28,63.503,64.2668,62.8525,63.227,26810987,0
2018-03-29,63.6804,65.1194,63.2369,64.4787,17933797,0
2018-04-02,64.2225,64.5083,62.2414,62.9412,26017139,0
2018-04-03,63.4143,63.71,62.4977,63.5621,18050721,0
2018-04-04,62.3991,64.6266,62.2611,64.4492,18149231,0
2018-04-05,65.0405,65.1391,64.2816,64.7153,16369083,0
2018-04-06,64.0451,64.6364,62.8525,63.1284,20238896,0
2018-04-09,63.5917,64.8631,63.5375,63.6213,10929668,0
2018-04-10,64.6266,65.4545,64.2718,65.1884,16116758,0
2018-04-11,64.7843,65.3855,64.6956,64.804,8657765,0
2018-04-12,65.2081,65.8684,65.1241,65.5826,10628033,0
2018-04-13,66.036,66.0656,65.0504,65.3658,11210766,0
2018-04-16,65.8192,66.1148,65.4348,65.8684,9738678,0
2018-04-17,66.45,67.3074,66.3317,67.0906,15222774,0
2018-04-18,67.0216,67.1695,66.5091,66.9132,9882220,0
2018-04-19,66.4894,66.5584,65.9325,66.174,12905816,0
2018-04-20,65.9769,66.0261,64.9765,65.2574,16238478,0
2018-04-23,65.5038,65.691,64.7153,65.0208,18960253,0
2018-04-24,65.3954,65.5038,63.4241,63.8874,17423809,0
2018-04-25,63.9859,64.1141,63.0792,63.8972,15290279,0
2018-04-26,64.6956,65.3165,64.4295,65.0602,16543440,0
2018-04-27,65.7107,65.76,64.597,64.942,13156483,0
2018-04-30,65.1095,65.5087,64.4344,64.5182,8686115,0
2018-05-01,64.4295,65.3658,64.2718,65.3264,9273887,0
2018-05-02,65.7403,65.9867,65.1391,65.2574,13293729,0
2018-05-03,64.9617,65.6565,64.3851,65.4052,15545417,0
2018-05-04,65.1588,66.7654,65.08,66.6471,10841288,0
2018-05-07,66.9625,67.4208,66.8541,67.1103,13457406,0
2018-05-08,67.0019,67.3173,66.6964,67.2582,15147426,0
2018-05-09,67.4257,68.0861,67.2089,68.0861,14413339,0
2018-05-10,68.4015,69.0224,68.3325,68.9731,11566266,0
2018-05-11,68.9041,69.1407,68.6479,68.8746,8760648,0
2018-05-14,69.1013,69.4068,68.7908,68.8647,10130922,0
2018-05-15,68.3818,68.4448,67.8594,68.2142,14262592,0
2018-05-16,68.3226,68.6774,68.1649,68.5197,6680485,0
2018-05-17,68.2733,68.7367,67.884,68.1649,10800144,0
2018-05-18,67.9382,68.2438,67.82,67.8791,7882919,0
2018-05-21,68.5,68.8006,68.1255,68.4705,11289236,0
2018-05-22,68.8056,68.9041,68.2241,68.3719,7391047,0
2018-05-23,67.8101,68.8746,67.8002,68.8746,14693760,0
2018-05-24,68.8548,68.9337,68.1038,68.7957,11200659,0
2018-05-25,68.845,68.9928,68.5789,68.7464,9391355,0
2018-05-29,68.4015,68.7563,67.9185,68.3719,29330387,0
2018-05-30,68.7169,68.9633,68.5188,68.8746,9965160,0
2018-05-31,68.8746,69.3477,68.7366,68.8943,15284031,0
2018-06-01,69.3575,70.077,69.2392,70.0672,12722885,0
2018-06-04,70.2446,70.6979,70.1756,70.629,9933038,0
2018-06-05,70.8064,71.0035,70.6092,70.8754,17274761,0
2018-06-06,70.9936,71.3386,70.629,71.3386,17689542,0
2018-06-07,71.2992,71.2992,70.2544,70.7669,19523632,0
2018-06-08,70.2347,70.7719,70.0869,70.6487,9904779,0
2018-06-11,70.6881,70.9542,70.5304,70.7275,7323505,0
2018-06-12,70.8556,71.1267,70.7374,71.0725,7813398,0
2018-06-13,71.0725,71.3879,70.6782,70.7078,14639032,0
2018-06-14,70.9838,71.3829,70.8754,71.2105,11327426,0
2018-06-15,70.9585,71.0475,70.5134,70.9387,16820622,0
2018-06-18,70.4442,71.0673,70.2266,71.0178,8290200,0
2018-06-19,70.1474,70.6815,69.7518,70.6519,12956679,0
2018-06-20,70.82,71.1365,70.7211,70.8002,11465613,0
2018-06-21,71.0772,71.1168,70.093,70.2562,14817113,0
2018-06-22,70.4343,70.4541,69.7429,70.0287,15739988,0
2018-06-25,69.4649,69.5342,67.9763,68.5747,18027741,0
2018-06-26,68.7924,69.3017,68.6242,68.8517,13862844,0
2018-06-27,69.0693,69.3858,67.8923,67.912,22054604,0
2018-06-28,67.823,68.9704,67.823,68.7429,17799048,0
2018-06-29,69.01,69.3017,68.6737,68.7132,10009814,0
2018-07-02,68.1198,69.3463,68.0208,69.3265,12545908,0
2018-07-03,69.5342,69.5836,68.4561,68.5055,6361411,0
2018-07-05,68.9308,69.5144,68.733,69.4748,13659996,0
2018-07-06,69.5144,70.3947,69.3463,70.2859,12802009,0
2018-07-09,70.6618,70.8398,70.2958,70.82,8727604,0
2018-07-10,70.8299,71.186,70.8299,70.9882,11493129,0
2018-07-11,70.4837,70.9882,70.3749,70.7112,12975071,0
2018-07-12,71.0178,71.8685,70.9387,71.8289,11853325,0
2018-07-13,71.8388,71.9278,71.5156,71.7498,9258443,0
2018-07-16,71.7696,71.9179,71.4432,71.5816,6665953,0
2018-07-17,71.0673,72.2344,71.0277,72.1158,7451575,0
2018-07-18,72.096,72.1059,71.7399,71.9971,7081957,0
2018-07-19,71.819,72.096,71.6113,71.7399,7455318,0
2018-07-20,72.0168,72.1553,71.6707,71.7597,7219886,0
2018-07-23,71.6113,72.1652,71.3294,72.1256,12575508,0
2018-07-24,72.8477,73.1306,72.2196,72.5213,10778640,0
2018-07-25,72.5411,73.4313,72.4323,73.4313,15288805,0
2018-07-26,72.1751,72.5411,72.0465,72.3037,12547190,0
2018-07-27,72.3927,72.4422,70.6222,71.0673,31777544,0
2018-07-30,71.0277,71.1365,69.554,69.9595,17847711,0
2018-07-31,70.1771,70.6024,69.7567,70.1474,14977005,0
2018-08-01,70.6519,71.008,70.3947,70.7805,14661395,0
2018-08-02,70.1276,71.7597,70.1276,71.6707,13104923,0
2018-08-03,71.6904,71.9278,71.364,71.9278,7245702,0
2018-08-06,71.8981,72.3531,71.7251,72.3136,7500345,0
2018-08-07,72.5707,72.8427,72.4619,72.5905,10272737,0
2018-08-08,72.551,72.9268,72.363,72.7883,7099160,0
2018-08-09,72.8576,73.095,72.7587,72.818,11723235,0
2018-08-10,72.274,72.5806,72.0267,72.2344,11569162,0
2018-08-13,72.3432,72.8971,72.1158,72.1355,12064769,0
2018-08-14,72.3828,72.6659,71.9773,72.5806,9179535,0
2018-08-15,72.1256,72.3927,71.364,71.9278,17792225,0
2018-08-16,72.4817,72.6795,72.0861,72.2443,9104839,0
2018-08-17,72.0267,72.551,71.7893,72.3531,9024155,0
2018-08-20,72.5213,72.5411,71.9575,72.2443,10619833,0
2018-08-21,72.4422,72.818,72.274,72.363,8002432,0
2018-08-22,72.1454,72.6894,72.0366,72.5806,6371245,0
2018-08-23,72.452,73.1345,72.452,72.7389,9367818,0
2018-08-24,72.9367,73.4906,72.9268,73.4708,6557635,0
2018-08-27,73.8665,74.183,73.6686,74.1434,8207455,0
2018-08-28,74.2918,74.4352,74.0643,74.272,7385363,0
2018-08-29,74.361,74.9941,74.3511,74.9446,11182347,0
2018-08-30,74.7369,75.2018,74.4896,74.7171,10520312,0
2018-08-31,74.6479,74.9743,74.5193,74.7764,10269170,0
2018-09-04,74.4303,74.5984,73.9852,74.4896,11073920,0
2018-09-05,74.3907,74.45,73.184,73.5598,16426553,0
2018-09-06,73.451,73.6093,72.452,73.0257,13978783,0
2018-09-07,72.551,73.362,72.4718,72.7785,14230964,0
2018-09-10,73.0455,73.1444,72.6054,73.0059,16654881,0
2018-09-11,72.7982,73.7873,72.6202,73.6291,13595012,0
2018-09-12,73.4708,73.4807,72.729,73.3225,16268233,0
2018-09-13,73.7775,74.3709,73.7577,74.183,12727444,0
2018-09-14,74.2522,74.4451,73.7873,74.1236,9439156,0
2018-09-17,74.0148,74.1434,73.1147,73.1939,14792111,0
2018-09-18,73.1049,74.0148,73.1049,73.6588,9650997,0
2018-09-19,73.6489,73.8961,73.0554,73.4708,10435469,0
2018-09-20,73.906,74.4154,73.6785,74.3412,13700995,0
2018-09-21,74.6234,74.7425,74.018,74.0478,23020545,0
2018-09-24,73.6905,74.4249,73.4027,74.415,17256802,0
2018-09-25,74.3257,74.4766,74.018,74.3257,10550528,0
2018-09-26,74.4051,74.7326,73.9188,74.0478,13320561,0
2018-09-27,74.3158,74.688,74.3158,74.4845,14233197,0
2018-09-28,74.2761,74.8319,74.2364,74.7624,11710568,0
2018-10-01,75.2388,75.4224,74.8914,75.1197,10334066,0
2018-10-02,75.0303,75.5564,74.7922,75.1296,14006955,0
2018-10-03,75.3876,75.6903,75.214,75.3579,13292564,0
2018-10-04,74.9907,75.0502,73.5119,73.9982,23292417,0
2018-10-05,73.9684,74.1967,72.3552,73.0653,22288724,0
2018-10-08,72.7179,72.9412,71.4128,72.2415,19973003,0
2018-10-09,72.2117,72.9263,72.0579,72.4996,15138932,0
2018-10-10,72.0629,72.0728,68.9366,68.9862,44142990,0
2018-10-11,68.7877,69.9589,67.5571,68.1129,68269507,0
2018-10-12,70.0383,70.5196,68.9267,70.2963,35909369,0
2018-10-15,70.0383,70.0978,69.1053,69.145,19152748,0
2018-10-16,70.0184,71.4575,69.8497,71.2292,20999283,0
2018-10-17,71.3185,71.3682,70.2665,70.9017,24164921,0
2018-10-18,70.5841,70.6337,69.0954,69.5122,22960568,0
2018-10-19,69.9192,70.6734,69.2244,69.4825,22141736,0
2018-10-22,69.81,70.5146,69.3931,70.0581,15981011,0
2018-10-23,68.5992,70.1573,67.9045,69.7901,24066081,0
2018-10-24,69.6115,69.7802,66.5845,66.6639,34165356,0
2018-10-25,67.6166,69.3138,67.5075,68.9565,23377176,0
2018-10-26,67.2395,68.8076,66.6043,67.5769,42743594,0
2018-10-29,68.5099,68.9962,65.0958,66.4356,34055312,0
2018-10-30,66.3761,67.4132,65.8104,67.18,30560929,0
2018-10-31,68.1823,69.3237,68.1526,68.7778,21144140,0
2018-11-01,68.8771,69.6313,68.2915,69.5817,15553097,0
2018-11-02,69.0458,69.4527,67.6464,68.222,20213140,0
2018-11-05,68.1823,68.2915,67.17,68.1526,14208230,0
2018-11-06,68.093,68.9068,68.0335,68.5793,9134209,0
2018-11-07,69.3733,70.594,69.284,70.594,16314800,0
2018-11-08,70.3261,70.6238,70.0879,70.5345,10409749,0
2018-11-09,69.9291,69.9886,68.7282,69.3138,12941931,0
2018-11-12,68.6786,68.7977,66.7929,66.8723,16431059,0
2018-11-13,67.0311,68.1029,66.7532,66.9517,15703538,0
2018-11-14,67.696,67.835,65.8069,66.1478,19496735,0
2018-11-15,66.257,67.964,65.8699,67.8052,26301445,0
2018-11-16,67.0112,68.1029,66.8723,67.696,17973021,0
2018-11-19,67.3784,67.4479,64.937,65.1156,19198619,0
2018-11-20,63.2994,64.5797,62.9024,63.7162,28064763,0
2018-11-21,64.5797,64.8377,63.9147,64.1827,16503284,0
2018-11-23,63.4979,64.3018,63.4647,63.5972,5338114,0
2018-11-26,64.4308,65.0362,64.0884,65.0362,12534629,0
2018-11-27,64.5896,65.2645,64.2125,65.1652,11538209,0
2018-11-28,65.8203,67.4479,65.5722,67.4479,16609706,0
2018-11-29,67.2395,67.3387,66.4356,66.7929,14115418,0
2018-11-30,66.8326,67.4777,66.5051,67.4281,16509839,0
2018-12-03,69.1153,69.1847,68.1724,68.9168,16231664,0
2018-12-04,68.4305,68.5793,66.1478,66.3066,20991080,0
2018-12-06,64.7484,66.4555,64.4209,66.4555,21578006,0
2018-12-07,66.1379,66.4406,63.8155,64.1132,19937805,0
2018-12-10,63.7559,65.2446,63.3887,64.9965,20447973,0
2018-12-11,66.0088,66.1341,64.5499,65.0759,15813349,0
2018-12-12,66.1279,66.6142,65.5523,65.5821,16928906,0
2018-12-13,65.8997,66.386,65.3141,65.6913,12819551,0
2018-12-14,64.9072,65.2645,64.0239,64.0835,15516205,0
2018-12-17,63.8453,64.282,62.2176,62.7238,23263471,0
2018-12-18,63.2101,63.7659,62.7139,63.22,19626573,0
2018-12-19,63.1307,64.2522,61.2946,61.9695,33606339,0
2018-12-20,61.7015,62.3268,59.9747,60.858,39501833,0
2018-12-21,60.873,61.6206,58.7499,59.009,41613704,0
2018-12-24,58.4508,59.1685,57.3843,57.4341,21117015,0
2018-12-26,57.8328,60.9029,57.5039,60.9029,29060164,0
2018-12-27,60.0556,61.3614,58.8932,61.3415,23438844,0
2018-12-28,61.79,62.2204,60.6736,61.2019,19843317,0
2018-12-31,61.7302,62.0093,61.2617,61.7801,16860072,0
2019-01-02,60.5142,62.1887,60.4344,61.8199,15442924,0
2019-01-03,60.245,60.2849,58.6203,58.7,24946730,0
2019-01-04,59.7765,61.5587,59.5872,61.3016,20767979,0
2019-01-07,61.3016,62.2685,61.1621,61.8498,11908943,0
2019-01-08,62.4479,62.6672,61.6305,62.3681,13002603,0
2019-01-09,62.7071,63.5045,62.6373,63.1755,14022385,0
2019-01-10,62.6771,63.4845,62.3881,63.4546,10934086,0
2019-01-11,63.0858,63.3699,62.9463,63.335,7725602,0
2019-01-14,62.7768,62.9662,62.5276,62.7469,7242062,0
2019-01-15,62.9463,63.8234,62.8366,63.6939,14326996,0
2019-01-16,63.7636,64.1424,63.6341,63.7537,9468643,0
2019-01-17,63.5244,64.5311,63.355,64.1623,10128415,0
2019-01-18,64.8003,65.2688,64.3816,65.1392,13651550,0
2019-01-22,64.6109,64.7205,63.5344,64.0427,14992512,0
2019-01-23,64.3119,64.7853,63.5443,64.262,9576120,0
2019-01-24,64.4913,65.0295,64.4614,64.8003,14170898,0
2019-01-25,65.2887,65.9117,65.0495,65.7173,10030815,0
2019-01-28,64.7405,64.8601,64.3019,64.8401,9662469,0
2019-01-29,64.9697,64.9797,64.0427,64.1424,8573987,0
2019-01-30,65.209,66.3253,64.9199,66.136,16995325,0
2019-01-31,65.7971,66.425,65.5877,66.0662,18250916,0
2019-02-01,66.0961,66.8138,65.9964,66.4549,9737796,0
2019-02-04,66.5446,67.5314,66.4948,67.5215,7604287,0
2019-02-05,67.7507,68.2591,67.671,68.0896,12060664,0
2019-02-06,68.1694,68.5083,67.9052,68.3189,10189649,0
2019-02-07,67.6909,67.98,66.9234,67.3819,14632128,0
2019-02-08,66.7739,67.7707,66.734,67.7707,8488796,0
2019-02-11,67.98,68.1893,67.5813,67.7408,7434660,0
2019-02-12,68.2092,68.7248,68.1096,68.6379,9709099,0
2019-02-13,68.9768,69.226,68.6877,68.7276,9120886,0
2019-02-14,68.4684,69.0914,68.4186,68.8472,9742013,0
2019-02-15,69.3655,69.4652,69.0067,69.3954,7356002,0
2019-02-19,69.1163,69.6247,69.0465,69.4153,8319114,0
2019-02-20,69.4751,69.7792,69.1263,69.4951,9852085,0
2019-02-21,69.3256,69.7991,69.0964,69.525,9754061,0
2019-02-22,69.844,70.452,69.824,70.4121,12246686,0
2019-02-25,70.9404,71.2394,70.7012,70.751,20170501,0
2019-02-26,70.5018,71.0999,70.442,70.9005,14133959,0
2019-02-27,70.6314,70.9205,70.1031,70.8308,9777532,0
2019-02-28,70.5716,70.9005,70.452,70.6314,9438331,0
2019-03-01,71.1896,71.2992,70.5417,71.1099,12334027,0
2019-03-04,71.4089,71.5833,70.0533,70.8407,15826472,0
2019-03-05,70.8009,70.8906,70.4121,70.6314,8953880,0
2019-03-06,70.5816,70.6613,70.1729,70.2626,13122115,0
2019-03-07,70.0632,70.1231,69.3655,69.5948,18498286,0
2019-03-08,68.7575,69.6446,68.6179,69.5848,12890714,0
2019-03-11,69.834,71.1447,69.834,71.08,14577194,0
2019-03-12,71.2793,71.7428,71.06,71.4986,18050877,0
2019-03-13,71.8076,72.3907,71.7677,71.9671,17833630,0
2019-03-14,72.0867,72.3359,71.9125,72.1166,10656663,0
2019-03-15,72.37,73.32,72.32,72.99,21024520,0
2019-03-18,73.04,73.49,72.845,73.3,14837637,0
2019-03-19,73.6,73.8,73.16,73.45,16153202,0
2019-03-20,73.37,73.85,72.81,73.25,13704293,0
2019-03-21,73.26,75.25,73.245,75.09,27274148,0
2019-03-22,74.7,75.01,73.285,73.32,26747361,0
2019-03-25,73.08,73.49,72.53,73,21946894,0
2019-03-26,73.64,74.11,72.975,73.4,13965286,0
2019-03-27,73.51,73.79,72.34,72.98,15831176,0
2019-03-28,73.2,73.58,72.83,73.28,10539704,0
2019-03-29,73.89,74.03,73.53,74,14347178,0
2019-04-01,74.72,75.1,74.3,75.01,12590504,0
2019-04-02,75.07,75.37,74.84,75.27,11787177,0
2019-04-03,75.72,76.26,75.58,75.88,13869223,0
2019-04-04,75.85,76.05,75.11,75.56,11503077,0
2019-04-05,75.81,76,75.6843,75.92,6709785,0
2019-04-08,75.74,76.25,75.42,76.21,7309911,0
2019-04-09,75.88,76.155,75.68,75.85,13440126,0
2019-04-10,75.92,76.4,75.88,76.38,8617805,0
2019-04-11,76.54,76.56,76.12,76.28,7697338,0
2019-04-12,76.71,76.81,76.28,76.81,8555372,0
2019-04-15,76.81,77,76.37,76.78,9910693,0
2019-04-16,77.02,77.25,76.8,77.17,9609547,0
2019-04-17,77.66,77.7,77.22,77.6,12247872,0
2019-04-18,77.77,77.84,77.24,77.82,11491949,0
2019-04-22,77.46,78.03,77.39,78,8084368,0
2019-04-23,78.12,78.9499,78.04,78.85,16693005,0
2019-04-24,78.91,79.24,78.76,78.88,10938268,0
2019-04-25,79.24,79.46,78.44,78.86,11387585,0
2019-04-26,78.38,78.58,77.725,78.56,11050219,0
2019-04-29,78.57,78.8299,78.49,78.58,10613331,0
2019-04-30,78.54,78.82,78.1035,78.71,18842869,0
2019-05-01,79.5,79.7,78.5,78.51,15446826,0
2019-05-02,78.49,79.055,77.68,78.1,24988752,0
2019-05-03,78.38,78.91,78.27,78.84,13288420,0
2019-05-06,76.96,78.36,76.66,78.23,13022479,0
2019-05-07,77.35,77.65,75.85,76.55,20625711,0
2019-05-08,76.3,77.12,76.17,76.46,13667465,0
2019-05-09,75.51,76.19,74.66,75.94,19300910,0
2019-05-10,75.45,76.52,74.3647,76.18,19596295,0
2019-05-13,74.03,74.47,73.1,73.31,25461207,0
2019-05-14,73.68,74.95,73.62,74.49,18404280,0
2019-05-15,73.97,75.53,73.85,75.3,15048875,0
2019-05-16,75.35,76.54,75.25,75.99,15444976,0
2019-05-17,75.21,76.4,75.2,75.38,13543996,0
2019-05-20,74.11,74.69,73.705,74.07,14673932,0
2019-05-21,74.85,75.22,74.6801,74.98,14841128,0
2019-05-22,74.49,75.04,74.45,74.59,11521081,0
2019-05-23,73.58,73.62,72.7404,73.28,16085696,0
2019-05-24,73.68,74.06,73.22,73.3,11750019,0
2019-05-28,73.53,74,73.05,73.09,25772770,0
2019-05-29,72.55,73.01,72.17,72.66,14754806,0
2019-05-30,72.83,73.255,72.61,73.11,11420530,0
2019-05-31,72.23,72.57,71.86,71.89,12039782,0