date,open,high,low,close,volume,OpenInterest,positive_std,negative_std
2014-06-09,56.5162,56.5162,56.1062,56.1715,10872,0,-0.297635859194664,0.0900103904077489
2014-06-10,56.069,56.0876,55.9758,55.9944,7983,0,1.84478835536794,0.142327372124179
2014-06-11,55.9479,55.9479,55.7056,55.7615,6287,0,0,0
2014-06-12,55.6497,55.6963,54.9053,54.9696,192039,0,0,0
2014-06-13,54.923,54.9696,54.8019,54.9044,7170,0,0.822524325654764,-0.975739481811503
2014-06-16,54.8112,55.0534,54.8112,55.0441,15539,0,0.988002108121039,-2.06975801335617
2014-06-17,54.9975,55.3143,54.9975,55.2025,22017,0,0.183911322724111,-1.6994610352982
2014-06-18,55.3609,55.8174,55.3236,55.7895,6374,0,0,0
2014-06-19,56.0224,56.0969,55.5938,55.687,26589,0,1.27861391617132,-1.25070670631738
2014-06-20,55.7429,55.7429,55.3888,55.4727,9435,0,-0.0620632042744484,0.555312105885363
2014-06-23,55.5006,55.5938,55.4913,55.5938,6403,0,0,0
2014-06-24,55.2864,55.7242,55.2864,55.4075,225035,0,-0.642267095300063,-0.0859910642323189
2014-06-25,55.305,55.4913,55.305,55.4727,21184,0,0.0711407619558698,0.247153616876546
2014-06-26,55.0441,55.3236,55.0348,55.2957,5892,0,-0.796799220073642,0.0142862864321703
2014-06-27,55.2864,55.4075,55.1839,55.4075,9565,0,-0.342227540492545,0.46467852667832
2014-06-30,55.305,55.482,55.2397,55.2397,6154,0,0.457579113294532,-0.492780690555241
2014-07-01,55.4261,55.7615,55.3982,55.7336,6415,0,0,0
2014-07-02,55.6404,55.9385,55.6404,55.7988,22827,0,-0.6216646493616,-0.0683640997736266
2014-07-03,56.0038,56.218,56.0038,56.1901,7842,0,0,0
2014-07-07,56.0224,56.0969,55.9292,56.0131,4840,0,0,0
2014-07-08,55.6218,55.6963,55.5193,55.659,18946,0,0,0
2014-07-09,55.8454,56.0131,55.8361,55.9944,7886,0,0,0
2014-07-10,55.3795,55.687,55.3795,55.6218,6956,0,0,0
2014-07-11,55.5752,55.8267,55.5565,55.8267,8803,0,0,0
2014-07-14,56.0597,56.1062,55.8454,55.8966,23715,0,-1.27634822960405,0.363628793939876
2014-07-15,55.9944,56.0224,55.7149,55.9106,14082,0,-2.03346446272723,-2.66331461242381
2014-07-16,56.1062,56.1062,55.7149,55.7801,14273,0,0,0
2014-07-17,55.687,55.7708,55.3236,55.3982,11069,0,0.544220782416026,1.82205202753582
2014-07-18,55.5463,56.0224,55.4913,55.9945,18497,0,0,0
2014-07-21,56.0131,56.0131,55.5845,55.7429,16938,0,0,0
2014-07-22,55.8267,56.0317,55.8267,56.0224,5381,0,-0.559228353934055,-2.52136525031992
2014-07-23,56.1435,56.218,55.9665,56.218,9859,0,0,0
2014-07-24,56.5441,56.6187,56.5069,56.5348,5488,0,0,0
2014-07-25,55.7522,55.8174,55.5939,55.7149,8981,0,-1.04347811999513,-1.60029008034038
2014-07-28,55.6683,55.6683,55.305,55.4913,41264,0,-1.32451335431556,0.300649094453134
2014-07-29,55.687,55.892,55.5752,55.5938,21467,0,1.87585039436846,-1.84981385586022
2014-07-30,55.6963,55.9479,55.6031,55.9013,5401,0,0,0
2014-07-31,55.4727,55.5873,55.0347,55.0348,7159,0,-1.40536110686895,-0.738876214895611
2014-08-01,54.895,55.128,54.7553,54.9603,6268,0,-0.764808071931276,-0.289771857665522
2014-08-04,55.0162,55.4261,54.9882,55.4239,10250,0,0,0
2014-08-05,55.1746,55.3982,54.7272,54.9696,5879,0,-0.290689847300186,-1.6560535266376
2014-08-06,54.2988,55.0693,54.2988,54.8764,149364,0,1.29276134698918,0.58429100028972
2014-08-07,55.0162,55.0162,54.4665,54.6155,7442,0,-0.937451602714153,0.265115008399477
2014-08-08,54.8671,55.6124,54.8671,55.5752,6208,0,0.189311037379866,0.12769671284546
2014-08-11,55.7801,55.8547,55.7056,55.7708,5213,0,0,0
2014-08-12,55.7615,55.8267,55.5845,55.7149,6236,0,1.41096084962875,0.413816917664675
2014-08-13,55.7336,55.8733,55.5752,55.6683,12500,0,0,0
2014-08-14,55.8733,56.218,55.8733,56.218,20215,0,-0.482183110996565,1.62380913901482
2014-08-15,56.3205,56.3671,55.687,55.8826,13654,0,0,0
2014-08-18,56.218,56.4789,56.218,56.423,42253,0,0,0
2014-08-19,56.8982,57.4013,56.8982,57.2802,37032,0,0,0
2014-08-20,57.2243,57.6994,57.2243,57.6435,12292,0,-1.91439970885169,-2.85319839400197
2014-08-21,57.6342,57.8112,57.6342,57.6435,10871,0,0,0
2014-08-22,57.9417,57.9417,57.7087,57.8485,2119,0,0,0
2014-08-25,57.9696,58.0721,57.951,57.9696,6862,0,0,0
2014-08-26,57.951,58.1932,57.951,58.1188,3034,0,2.71987429943899,2.2987841435864
2014-08-27,58.2025,58.2304,58.1001,58.2304,9148,0,0,0
2014-08-28,58.0069,58.2994,57.8671,58.2398,27964,0,0,0
2014-08-29,58.1839,58.3497,58.1466,58.2491,4899,0,0.776348401440264,1.34129422691236
2014-09-02,58.482,58.482,58.2305,58.3702,48849,0,-1.57794398821711,0.554476979245468
2014-09-03,58.5659,58.5659,58.3237,58.3516,12841,0,0,0
2014-09-04,58.7295,59.0411,58.7295,58.9367,12250,0,0,0
2014-09-05,58.5938,59.3671,58.5566,59.3671,8612,0,-2.37142323483745,-2.46112735711363
2014-09-08,59.274,59.274,58.7522,58.9199,3655,0,0,0
2014-09-09,58.7988,58.7988,58.3423,58.3516,4261,0,-1.95423358320091,-0.671388461757723
2014-09-10,58.4914,58.5785,58.305,58.5193,2469,0,1.05990087724074,-2.83159617762387
2014-09-11,58.2678,58.5379,58.2678,58.5379,13648,0,-1.25404826620351,-1.15890095541853
2014-09-12,58.4727,58.4727,58.2119,58.3702,4671,0,0,0
2014-09-15,58.3142,58.3142,58.1466,58.2305,3245,0,0,0
2014-09-16,58.0442,58.9852,58.0442,58.864,34010,0,0,0
2014-09-17,58.8827,59.0131,58.7681,58.8547,8280,0,0,0
2014-09-18,59.0224,59.0224,58.8827,58.9479,15270,0,0,0
2014-09-19,59.0783,59.2553,58.9386,59.0783,6319,0,0.43638496722763,-0.561027495581896
2014-09-22,58.8547,58.8547,58.1848,58.2957,5925,0,0,0
2014-09-23,58.2491,58.2491,58.0442,58.0534,3038,0,-0.116063709277458,-0.0868208541796135
2014-09-24,58.2212,59.0224,58.2212,59.0224,108445,0,-1.65882071112087,-0.0553145976350185
2014-09-25,58.864,58.864,58.1932,58.2025,10659,0,2.16688027635698,2.06525829402413
2014-09-26,58.2678,58.4137,58.0535,58.3516,3191,0,0,0
2014-09-29,58.0442,58.3283,58.0255,58.2584,31264,0,1.44870729794192,-1.86865166564576
2014-09-30,58.1746,58.2119,57.9883,58.1187,2736,0,0,0
2014-10-01,57.7926,57.9323,57.4665,57.5504,33096,0,0,0
2014-10-02,57.4665,58.0348,57.2336,58.0069,44609,0,-0.590130368506422,-0.0413841164490783
2014-10-03,58.333,58.9012,58.2957,58.8268,6317,0,0,0
2014-10-06,59.0504,59.1063,58.4634,58.5007,6718,0,0,0
2014-10-07,58.2864,58.3889,57.8444,57.8764,20558,0,-0.472946845471084,-0.683671186059759
2014-10-08,58.2212,58.9852,57.9323,58.9479,26605,0,1.01430863265348,-0.149140292631608
2014-10-09,58.7243,58.9106,58.1001,58.1932,55315,0,0,0
2014-10-10,58.5286,58.7802,58.1839,58.1839,44705,0,-1.45940652698347,0.162360494173036
2014-10-13,58.1466,58.1466,57.0472,57.0845,29876,0,0,0
2014-10-14,57.2615,57.6435,57.1311,57.364,23250,0,0,0
2014-10-15,57.01,57.0193,55.7429,56.5535,76500,0,0,0
2014-10-16,55.659,56.6373,55.659,56.2553,24747,0,0,0
2014-10-17,56.7398,56.9354,56.4361,56.7212,54715,0,0,0
2014-10-20,56.8236,57.6249,56.8143,57.5969,64466,0,0,0
2014-10-21,57.9789,58.7429,57.8112,58.715,22928,0,0,0
2014-10-22,58.7709,59.1901,58.5007,58.51,44076,0,0,0
2014-10-23,58.9386,59.3485,58.9386,59.0317,38085,0,0.305674888211394,-1.31589650422455
2014-10-24,58.8175,58.8175,58.2474,58.7429,23534,0,0,0
2014-10-27,58.5752,59.097,58.5752,59.069,10491,0,0,0
2014-10-28,59.069,59.1622,58.8795,59.1622,6454,0,0,0
2014-10-29,59.1715,59.3116,58.7522,59.0224,25208,0,0,0
2014-10-30,58.8175,59.7398,58.8175,59.628,72677,0,3.65546829619133,1.63695594565893
2014-10-31,60.2988,60.3361,59.8602,59.9634,40219,0,0.379206714167491,0.917482603948883
2014-11-03,59.9914,60.0939,59.8144,60.038,349798,0,0,0
2014-11-04,60.01,60.2057,59.8134,60.1311,69069,0,0,0
2014-11-05,60.5131,60.6715,60.1032,60.2336,28915,0,-1.04365124242751,-0.718534994082537
2014-11-06,60.3641,61.0069,60.3641,60.9883,18300,0,0,0
2014-11-07,60.9324,61.3949,60.8858,61.2492,27230,0,-0.441577310501911,-0.870550362430761
2014-11-10,61.3516,61.7523,61.1839,61.7523,26752,0,1.61985055403327,0.318169706338453
2014-11-11,61.743,61.9572,61.6871,61.8175,30671,0,0,0
2014-11-12,61.715,62.2461,61.715,62.1529,27047,0,1.93124973178328,-1.0525491320338
2014-11-13,62.5722,62.6933,62.3672,62.684,79343,0,1.01557076593196,-0.699594503003536
2014-11-14,62.8423,62.8423,62.4976,62.7399,118565,0,0,0
2014-11-17,62.6746,62.8982,62.6094,62.7399,22188,0,0,0
2014-11-18,62.6467,62.9434,62.5349,62.8796,166842,0,0,0
2014-11-19,63.0659,63.5225,63.0659,63.4852,46917,0,-1.96229892392686,-1.52130181540331
2014-11-20,63.42,63.8299,63.3548,63.6995,68759,0,0,0
2014-11-21,64.4169,64.4169,63.9045,64.007,50363,0,1.82217505627236,-0.479503405331522
2014-11-24,64.2865,64.5608,64.2119,64.4821,85318,0,0,0
2014-11-25,64.6778,64.6778,64.1653,64.2492,44023,0,0.538660889210368,-0.0269996401644543
2014-11-26,64.2865,64.416,64.1653,64.4039,121724,0,0.855265918976967,-0.90570715366764
2014-11-28,64.7616,65.656,64.743,65.3299,183155,0,0,0
2014-12-01,65.1622,65.2088,64.4914,64.6125,146537,0,0,0
2014-12-02,64.9293,64.9293,64.4728,64.6685,73168,0,-1.17819327258907,-0.169540554675065
2014-12-03,64.6591,64.7523,64.3983,64.524,126975,0,0,0
2014-12-04,64.4728,64.715,64.2212,64.715,52110,0,0,0
2014-12-05,64.8921,64.8921,64.4635,64.6313,47612,0,-1.64035740661587,1.20842666210386
2014-12-08,64.538,65.0225,64.4542,64.6312,26942,0,0,0
2014-12-09,64.156,64.7337,63.5597,64.7337,54766,0,-1.08603906514436,0.94465342162406
2014-12-10,64.6964,64.9666,63.9976,64.0163,28731,0,0,0
2014-12-11,64.3983,65.4416,64.3983,64.9573,76847,0,0,0
2014-12-12,64.6778,65.3765,64.6778,64.7523,44886,0,0,0
2014-12-15,65.0691,65.4137,64.3796,64.9386,772186,0,0,0
2014-12-16,64.7523,65.3859,64.0256,64.0256,178485,0,-1.04347811999513,0.00987943149187928
2014-12-17,64.184,65.1622,64.1001,65.0411,123268,0,0.183377379054664,-0.00964853392174195
2014-12-18,65.7026,66.1033,65.2834,66.1033,292275,0,-0.0158760036631882,0.11404257745538
2014-12-19,66.243,66.243,65.78,65.8703,165502,0,-0.257630031148716,-1.40258879071427
2014-12-22,66.0303,66.6758,66.0303,66.6571,40749,0,0,0
2014-12-23,66.9565,67.1435,66.7694,66.9884,50364,0,0,0
2014-12-24,67.1342,67.1717,66.8349,66.8349,34355,0,0,0
2014-12-26,67.1623,67.1997,66.9658,67.0407,45100,0,0,0
2014-12-29,66.9846,67.4227,66.7881,67.3494,39033,0,1.50907278026338,0.476773599583751
2014-12-30,67.2559,67.4991,67.1904,67.312,31198,0,0,0
2014-12-31,67.4336,67.864,67.0313,67.0313,28265,0,0,0
2015-01-02,67.3588,67.5552,66.2924,66.7507,68082,0,0.0834792398309813,-0.343848492900093
2015-01-05,66.4139,66.47,65.8058,65.918,72047,0,0,0
2015-01-06,66.1239,66.4139,65.3099,65.7871,157056,0,-0.237847402381438,0.260020840119446
2015-01-07,66.4139,67.4804,66.311,67.4804,82221,0,-1.42920434236775,1.31877425119288
2015-01-08,68.0978,68.3317,67.92,68.3317,218882,0,-0.903516344645209,-0.219882409423161
2015-01-09,68.154,68.154,67.3475,67.4055,58083,0,0,0
2015-01-12,67.4991,67.6862,67.0585,67.2091,42927,0,0.594821426641251,0.431273656351562
2015-01-13,67.6862,68.0604,66.5542,66.9565,109765,0,0.991689224486153,-0.788986606761202
2015-01-14,65.8713,66.5058,65.5438,66.2829,173752,0,0,0
2015-01-15,66.5074,66.5823,65.5906,65.6187,63423,0,-0.866490281587228,-1.50943412042508
2015-01-16,65.4877,66.4513,65.2257,66.3952,122626,0,1.73765915654232,1.95021743163447
2015-01-20,66.6758,66.8722,65.5438,66.0397,29108,0,0.649524825803656,-0.0104290128015003
2015-01-21,66.1332,66.6478,65.8713,66.47,168426,0,0,0
2015-01-22,66.76,67.8724,66.7413,67.8546,38565,0,0,0
2015-01-23,67.7985,68.2755,67.7798,67.9295,62392,0,0,0
2015-01-26,68.2101,68.285,67.7236,68.2756,37816,0,-3.30295441622991,2.27824521287295
2015-01-27,67.6488,68.1353,67.443,67.8453,77733,0,2.5229957550474,0.104671148848444
2015-01-28,68.2101,68.5001,67.2372,67.3494,136616,0,-1.42920434236775,-1.62513016096369
2015-01-29,67.5272,67.9949,67.022,67.9762,91471,0,1.3658788624542,0.271502933703008
2015-01-30,68.154,68.3879,67.3588,67.4055,128336,0,0,0
2015-02-02,67.3213,67.9482,66.3952,67.9388,144650,0,0.803610492619121,1.49782954525037
2015-02-03,68.3692,69.0895,68.1446,69.0895,41588,0,-1.01214142541538,1.49680513753061
2015-02-04,68.8743,69.6883,68.5656,69.286,1138068,0,0.407969732658883,-0.463781890603776
2015-02-05,69.5105,69.8379,69.417,69.7725,131524,0,0.904514166193976,0.348191169738039
2015-02-06,69.9502,70.4087,69.8005,70.0531,130846,0,-0.379733013581087,-0.757646334442535
2015-02-09,69.866,69.9221,69.3047,69.4263,50782,0,-0.406649656982993,-2.36471398999812
2015-02-10,69.8286,70.2777,69.6317,70.2309,93834,0,0,0
2015-02-11,70.1186,70.5302,70.1186,70.3993,183867,0,0,0
2015-02-12,70.5583,70.8755,70.3525,70.839,151462,0,0,0
2015-02-13,70.9045,70.9887,70.6238,70.8373,97517,0,0,0
2015-02-17,70.7548,70.8483,70.2814,70.7828,503517,0,-1.88885532462582,-0.877005379838188
2015-02-18,70.6893,70.8858,70.5583,70.8858,50824,0,-0.498921714569075,-1.15106982353034
2015-02-19,70.7174,70.8296,70.2683,70.3338,94252,0,-1.92236798151715,-0.939479088559351
2015-02-20,70.1747,70.9793,70.0718,70.9606,89779,0,0,0
2015-02-23,71.0541,71.2786,70.9511,71.1945,62196,0,0,0
2015-02-24,71.5406,71.5406,71.1009,71.3909,74433,0,-1.22636555301663,0.337970397852685
2015-02-25,71.4564,71.7558,71.2413,71.5126,70997,0,-1.91102309617582,0.740655130326232
2015-02-26,71.4658,71.5687,71.2413,71.4284,143416,0,-0.525555813917269,0.532434031355607
2015-02-27,71.4658,71.8915,71.4658,71.6155,66567,0,0.712497343444099,-2.24935065875338
2015-03-02,71.6435,72.0832,71.6435,72.0271,162043,0,1.1055091732373,-1.47438850625721
2015-03-03,71.8868,71.9336,71.2684,71.709,74668,0,-0.211551398985853,0.0286103995312894
2015-03-04,71.4845,71.5874,71.1009,71.419,79515,0,-0.529637333919304,0.812089178076608
2015-03-05,71.8213,72.0832,71.7371,72.0178,103431,0,-1.10036388367485,-2.27724708142214
2015-03-06,71.7558,71.7703,71.0167,71.1477,66384,0,0,0
2015-03-09,71.2693,71.681,71.1758,71.6216,94220,0,0.229033637061311,-1.06180330675938
2015-03-10,71.1664,71.1664,70.7174,70.8109,54121,0,0,0
2015-03-11,70.8858,70.98,70.5957,70.6425,40471,0,0.835776875332798,-1.84502965020041
2015-03-12,70.8764,71.9803,70.8764,71.9242,60261,0,0,0
2015-03-13,71.8961,72.0739,71.26,71.6529,43424,0,0,0
2015-03-16,71.8868,72.7007,71.8868,72.7006,62306,0,0,0
2015-03-17,72.4762,72.4762,72.1469,72.2891,49957,0,0,0
2015-03-18,72.13,72.7849,71.3909,72.5697,36776,0,0,0
2015-03-19,72.4949,72.5604,72.2442,72.42,60567,0,0,0
2015-03-20,72.682,73.393,72.6259,73.2059,33829,0,0,0
2015-03-23,73.1498,73.6736,73.1498,73.1498,46888,0,0.938709300016566,1.26665486982403
2015-03-24,73.1404,73.5205,72.972,73.0936,47542,0,0,0
2015-03-25,73.2433,73.2994,71.999,72.0551,57865,0,0,0
2015-03-26,71.6435,71.9336,71.1758,71.5406,53776,0,0,0
2015-03-27,71.5406,72.13,71.5406,71.9803,28498,0,0.25176621155498,-0.128229612409501
2015-03-30,72.3639,72.9252,72.2236,72.8223,123393,0,0,0
2015-03-31,72.5884,73.1872,72.4762,72.4855,73755,0,-0.191667987346328,-0.859805814996569
2015-04-01,72.4387,72.4387,71.5313,71.8119,79076,0,0.627893743128326,-0.659297110198493
2015-04-02,72.102,72.5417,71.8587,72.4013,164157,0,0,0
2015-04-06,72.0832,73.0189,71.9429,72.8317,76963,0,0,0
2015-04-07,72.8878,73.0931,72.3078,72.3171,45962,0,0,0
2015-04-08,72.392,72.8878,72.392,72.8878,74920,0,0,0
2015-04-09,72.8878,73.1409,72.3804,72.8317,57168,0,0,0
2015-04-10,72.9439,73.0468,72.7101,73.0281,27476,0,0,0
2015-04-13,73.0001,73.1778,72.5604,72.5884,114045,0,2.31262927487767,1.12419667500411
2015-04-14,72.5884,72.5884,71.999,72.4575,51085,0,1.95714646347423,0.30639083343768
2015-04-15,72.6165,72.813,72.0458,72.0458,63486,0,-0.353263449099046,-0.75649480569517
2015-04-16,72.0178,72.1487,71.7839,71.84,27799,0,0,0
2015-04-17,71.5313,71.5313,70.4273,70.6706,96287,0,-1.39195233434918,-0.727403986920995
2015-04-20,71.0448,71.4595,71.0448,71.3067,66235,0,0,0
2015-04-21,71.5593,71.7755,71.4527,71.5874,72599,0,0,0
2015-04-22,71.7184,71.7184,71.2038,71.5406,26502,0,0,0
2015-04-23,71.5219,71.9897,71.4658,71.8306,22277,0,-0.0169486572292971,-0.429257708098737
2015-04-24,72.5417,73.0562,72.5417,72.8784,229410,0,0,0
2015-04-27,73.0001,73.0001,71.9336,71.9803,84313,0,0,0
2015-04-28,71.8868,72.0178,71.3348,71.6997,44384,0,-1.82312074994387,-2.90473120385006
2015-04-29,71.4377,71.4658,70.5209,70.7267,102644,0,-0.754529086031414,0.232064438350771
2015-04-30,70.7548,71.0074,69.8286,70.0812,102765,0,0,0
2015-05-01,70.2964,70.9606,70.287,70.9419,55682,0,0,0
2015-05-04,71.129,71.419,71.0354,71.129,81386,0,0,0
2015-05-05,70.9512,71.0448,70.2777,70.2964,62806,0,0,0
2015-05-06,70.4835,70.5209,70.0344,70.4086,84816,0,0.812927651749979,1.98010774743292
2015-05-07,70.2028,71.0635,70.2028,70.8203,55050,0,0,0
2015-05-08,71.4097,72.0365,71.4097,71.7464,72117,0,0.462098425394759,-1.95159979201287
2015-05-11,71.709,71.9803,71.4935,71.5126,33313,0,0,0
2015-05-12,71.1945,71.6604,70.998,71.4471,23255,0,-1.07474297672912,0.813106585294682
2015-05-13,71.5032,71.6342,70.9138,71.0338,93361,0,0,0
2015-05-14,71.0916,71.2506,70.6519,71.1758,60431,0,0,0
2015-05-15,71.1383,71.7277,71.1383,71.7277,84681,0,0,0
2015-05-18,71.7652,72.1207,71.6215,72.0178,41873,0,-0.0531136518524831,-0.743437125041617
2015-05-19,72.2142,72.2796,71.5687,71.6155,29187,0,-0.581937741387237,-0.789480139729094
2015-05-20,71.5126,71.5126,71.1383,71.1945,34945,0,-0.285330985748734,0.586188206470236
2015-05-21,71.1945,71.8961,71.1571,71.5781,21048,0,-0.0366998741415878,-0.459401287103397
2015-05-22,71.6342,71.6342,71.339,71.3909,13095,0,-0.489478092470713,-1.08912515594919
2015-05-26,71.2693,71.4471,70.6425,70.7641,25713,0,0,0
2015-05-27,70.8858,71.4192,70.8016,71.3161,88577,0,0,0
2015-05-28,71.1945,71.2974,71.0448,71.129,47553,0,0,0
2015-05-29,71.0822,71.1205,70.6238,70.7174,77902,0,0,0
2015-06-01,70.7548,71.0448,70.4105,70.7557,97631,0,0,0
2015-06-02,70.7174,71.1477,70.4928,70.8483,36234,0,-1.60596001740107,-0.665870413448932
2015-06-03,71.0916,71.6529,70.8021,71.6529,72882,0,0,0
2015-06-04,71.1196,71.3161,70.6425,70.7361,28428,0,0,0
2015-06-05,70.6986,70.7267,70.128,70.156,300732,0,1.08278549980185,-0.346697078937454
2015-06-08,70.128,70.1467,69.735,69.735,92616,0,-0.273223097724533,-1.08532981957638
2015-06-09,69.7725,69.8847,69.4637,69.7537,51993,0,0,0
2015-06-10,70.0625,70.5255,69.8915,70.4554,203730,0,0,0
2015-06-11,70.6144,71.0261,70.6144,70.6986,1408231,0,1.44743301431903,-0.914685657275828
2015-06-12,70.5302,70.6051,70.3431,70.3993,31099,0,0,0
2015-06-15,70.1747,70.2777,69.866,70.1093,38063,0,-1.11218825806513,-1.34868272325232
2015-06-16,70.1186,70.549,70.1186,70.5115,22697,0,0.313706736501112,-0.470657842470916
2015-06-17,70.7641,70.9887,70.4273,70.7828,37500,0,1.74414259195792,-0.126201591664341
2015-06-18,71.0167,71.8681,71.0167,71.6716,60106,0,0,0
2015-06-19,71.7726,71.999,71.6249,71.6342,31131,0,0,0
2015-06-22,72.0458,72.102,71.7374,71.7839,25705,0,0,0
2015-06-23,71.8587,72.0365,71.8452,72.0178,44815,0,0.321215337345246,0.459124830973181
2015-06-24,71.8306,72.0076,71.419,71.419,30291,0,-0.327470051252442,-0.367352913090368
2015-06-25,71.5126,71.5687,71.1571,71.1571,29117,0,-0.0541259066264403,-0.00889350971203689
2015-06-26,71.3161,71.5593,71.1571,71.2693,31616,0,0,0
2015-06-29,70.6986,70.9793,69.8132,69.8567,24714,0,0,0
2015-06-30,70.3525,70.3525,69.7107,69.8473,31042,0,0,0
2015-07-01,70.3993,70.5677,70.1467,70.5677,37071,0,-0.223873756543495,-0.72221952982516
2015-07-02,70.5957,70.6893,70.2028,70.3525,22822,0,0,0
2015-07-06,69.8473,70.6425,69.6696,70.3619,26401,0,0,0
2015-07-07,70.5209,71.3721,69.9876,71.3161,75244,0,-0.787958941075107,0.361394278965316
2015-07-08,70.839,71.0167,70.3806,70.418,53184,0,2.1808117680289,-0.51373516778781
2015-07-09,71.1196,72.0178,70.7174,70.7548,101574,0,0,0
2015-07-10,71.4284,71.8952,71.4284,71.709,33887,0,0,0
2015-07-13,72.0645,72.6165,71.9523,72.5884,57348,0,0,0
2015-07-14,72.6352,72.8691,72.4668,72.7849,49084,0,-1.67947641979182,0.428618313371711
2015-07-15,72.7381,73.0562,72.5229,72.8784,37437,0,-1.28799324220433,0.267667477495391
2015-07-16,73.2059,73.4959,72.9252,73.4959,30098,0,-1.00019888045823,0.172458530602503
2015-07-17,73.393,73.393,73.1779,73.2714,67715,0,0,0
2015-07-20,73.3743,73.524,73.1217,73.3649,76301,0,0,0
2015-07-21,73.3182,73.3649,72.8126,73.0562,64494,0,0.814824227620489,0.595974190919144
2015-07-22,73.0094,73.6269,73.0094,73.4865,41623,0,0,0
2015-07-23,73.5614,73.5614,72.6726,72.7662,21373,0,-0.765491313239243,-1.03553074572163
2015-07-24,74.0946,74.3752,72.972,73.131,42019,0,0,0
2015-07-27,72.6539,73.0749,72.551,72.6913,63807,0,0,0
2015-07-28,73.0281,73.1965,72.4668,73.131,44610,0,-0.210921315798637,3.6196302286221
2015-07-29,73.2807,73.8232,73.2807,73.7111,44595,0,-0.754529086031414,-0.578889622329613
2015-07-30,73.2901,73.5988,72.9814,73.5427,42237,0,0,0
2015-07-31,73.6737,73.9169,73.4772,73.7391,63812,0,1.2854169536947,-0.0767530654341602
2015-08-03,73.7391,73.7953,73.1872,73.5053,43199,0,0,0
2015-08-04,73.3369,73.5801,73.1022,73.3836,65391,0,1.16709061728368,4.29669436559075
2015-08-05,73.7859,74.1414,73.7859,74.0479,29560,0,-0.715053406139395,0.527223815800761
2015-08-06,74.0572,74.0946,72.7755,72.9252,36208,0,0,0
2015-08-07,72.8504,72.8504,72.0084,72.4107,56079,0,-0.200054593755003,-0.802402761578034
2015-08-10,72.8597,73.1685,72.813,72.841,38594,0,-0.414463660330891,-1.43142153070446
2015-08-11,72.4575,73.1217,72.4575,72.8597,20643,0,0,0
2015-08-12,72.3265,72.8691,71.6248,72.7943,32288,0,0,0
2015-08-13,72.7662,73.2807,72.6913,72.841,58358,0,0,0
2015-08-14,72.7662,73.2335,72.7475,73.2151,39169,0,0,0
2015-08-17,73.0188,73.4865,72.6259,73.4772,14402,0,0,0
2015-08-18,73.4959,74.0105,73.4959,73.7766,49790,0,-2.15521358559924,-1.09808845034742
2015-08-19,73.6456,73.8795,72.9439,73.4491,68811,0,-0.0215016708819598,-0.578483430047646
2015-08-20,73.0094,73.2527,72.3826,72.42,110772,0,0,0
2015-08-21,71.709,71.8587,69.7537,69.8099,171713,0,0,0
2015-08-24,69.1176,69.1737,62.363,67.3681,127628,0,0,0
2015-08-25,68.0417,69.4731,66.8256,66.8816,212945,0,0,0
2015-08-26,67.7423,69.6134,67.2542,69.5947,67593,0,0,0
2015-08-27,70.2898,70.8764,69.5573,70.6706,166310,0,0,0
2015-08-28,70.418,70.6857,69.9876,70.3092,31148,0,-1.83560321724751,-0.26328461597
2015-08-31,70.1747,70.2777,69.6696,70.0157,15606,0,0,0
2015-09-01,68.6498,69.417,68.3224,68.5563,36557,0,0,0
2015-09-02,69.2392,69.8379,68.9585,69.8379,24065,0,0,0
2015-09-03,70.0812,70.7828,69.7725,70.1467,31296,0,0,0
2015-09-04,69.3982,69.4983,68.7901,69.3328,19232,0,0,0
2015-09-08,70.2215,70.8951,69.969,70.8669,22662,0,0,0
2015-09-09,71.419,71.5126,69.7912,69.8754,31606,0,0,0
2015-09-10,69.7163,70.6051,69.7163,70.1186,23493,0,-0.0874344505527932,1.99394598352489
2015-09-11,70.1654,70.9419,70.0625,70.9419,48350,0,0,0
2015-09-14,70.9699,70.9699,70.3338,70.5115,19677,0,0,0
2015-09-15,70.6332,71.1383,70.1663,70.8764,61589,0,0,0
2015-09-16,70.8858,71.4658,70.6706,71.4471,35740,0,0,0
2015-09-17,71.3348,72.4481,71.3348,71.5874,79418,0,0.519298077051363,-1.22451103551657
2015-09-18,70.7641,71.3236,70.2683,70.3431,38334,0,0,0
2015-09-21,70.7361,71.3442,70.3899,70.9138,51275,0,-1.03196564003888,0.11467041246584
2015-09-22,70.0999,70.2683,69.6508,70.2496,25862,0,0.583053834960966,-1.36336027479381
2015-09-23,70.2496,70.2964,69.8567,70.2589,28474,0,0.911075453048907,-1.46278249117564
2015-09-24,69.707,70.0905,69.314,70.0905,70575,0,0,0
2015-09-25,70.5022,70.7173,69.4731,69.7596,24225,0,0,0
2015-09-28,69.3889,69.4357,67.6488,67.9762,51096,0,-0.737963398933871,0.75339204878816
2015-09-29,68.0417,68.4159,67.2343,67.7143,54438,0,-1.68042242210042,-0.149456836604181
2015-09-30,68.3598,68.9024,68.0884,68.7995,47867,0,-0.953190633786281,-1.71784113109121
2015-10-01,68.9211,69.2018,68.2569,69.2018,58061,0,0,0
2015-10-02,68.3879,70.3431,68.1353,70.3431,77518,0,1.73695025343919,0.316857203358082
2015-10-05,70.7548,71.3629,70.7475,71.3255,60504,0,0.568294221280713,-0.360960276165902
2015-10-06,71.2132,71.2506,69.8473,70.2215,31394,0,0.28156412189886,0.433666652115968
2015-10-07,70.6519,70.7735,70.0531,70.577,30774,0,-2.27335351452603,2.43963186256009
2015-10-08,70.418,71.0448,70.1747,70.9512,100648,0,0,0
2015-10-09,70.9699,71.4097,70.7361,71.3629,356106,0,0,0
2015-10-12,71.3722,71.9429,71.3722,71.8868,71825,0,0,0
2015-10-13,71.55,71.9382,71.26,71.2787,50724,0,0,0
2015-10-14,71.3535,71.4658,69.445,69.5947,222267,0,0,0
2015-10-15,69.8473,70.6051,69.6508,70.577,38636,0,0,0
2015-10-16,70.7454,71.1664,70.6893,71.1664,37355,0,-1.88546296024126,3.06410290797043
2015-10-19,70.9793,71.4658,70.9793,71.419,129354,0,0,0
2015-10-20,71.2787,71.3719,70.8296,70.9325,26784,0,0,0
2015-10-21,71.1477,71.2974,70.5677,70.7735,48612,0,-1.42228853677888,-1.07879388723505
2015-10-22,71.1477,71.4003,70.9419,71.26,70766,0,0,0
2015-10-23,72.5978,72.5978,71.1477,71.5219,88771,0,0,0
2015-10-26,71.4003,71.9709,71.4003,71.7932,85556,0,0,0
2015-10-27,71.7371,72.0178,71.5593,72.0178,215878,0,0,0
2015-10-28,72.1113,72.1113,71.2413,71.9616,65317,0,0,0
2015-10-29,71.971,72.2049,71.6529,72.1487,36317,0,0,0
2015-10-30,71.8868,72.3078,71.7839,72.0365,31631,0,0,0
2015-11-02,72.1394,72.5978,71.6903,72.5697,58614,0,-0.605104364829408,0.371951987301493
2015-11-03,72.6071,73.2059,72.5323,73.0291,60785,0,0,0
2015-11-04,73.3182,73.3462,72.5978,72.8878,35521,0,0,0
2015-11-05,72.8504,73.3238,72.6352,73.262,50958,0,0,0
2015-11-06,73.131,73.3462,72.7288,73.1685,60191,0,1.07313597404387,-0.276809878544891
2015-11-09,72.9907,72.9907,71.6061,72.1394,89560,0,-0.279061565549264,0.62271426975065
2015-11-10,71.9897,72.5323,71.9055,72.5229,33001,0,0,0
2015-11-11,72.4013,72.4013,71.4751,71.5219,34968,0,0,0
2015-11-12,71.3067,71.5781,71.0546,71.0635,36901,0,0,0
2015-11-13,70.3338,70.3338,68.9585,69.0427,247213,0,0,0
2015-11-16,68.8931,70.2402,68.8931,70.1841,221743,0,-2.07978405383493,-1.31589650422455
2015-11-17,71.2038,71.7446,70.7174,71.0354,93844,0,0,0
2015-11-18,71.2225,71.9616,70.8858,71.9055,91496,0,0,0
2015-11-19,71.8494,72.0739,71.55,71.55,34897,0,-0.740132523820552,0.384558678623996
2015-11-20,72.102,72.4575,72.102,72.4294,66804,0,0,0
2015-11-23,72.4855,73.1965,72.4294,73.0656,59368,0,0,0
2015-11-24,72.6352,73.3743,72.5417,73.1498,58001,0,0,0
2015-11-25,73.262,73.7391,73.2527,73.524,46652,0,-1.49306923313745,1.26665486982403
2015-11-27,73.5801,73.7579,73.3836,73.5895,31682,0,0,0
2015-11-30,73.7766,73.9075,72.7849,72.9907,76255,0,0,0
2015-12-01,73.3275,73.6924,73.103,73.6549,101019,0,0,0
2015-12-02,73.6456,73.945,73.2059,73.2901,32719,0,0,0
2015-12-03,73.6549,73.8888,72.7194,73.0281,110240,0,-0.0984563026526215,0.4605005440337
2015-12-04,73.1591,74.3192,73.1123,74.263,64187,0,0,0
2015-12-07,74.3098,74.4408,73.9403,74.3566,97417,0,0,0
2015-12-08,73.7485,74.5998,73.7003,74.4595,98569,0,0,0
2015-12-09,74.1695,74.6466,73.1872,73.5707,121582,0,-2.55959819196407,0.515419619294486
2015-12-10,73.7111,74.2256,73.6362,73.7953,55752,0,-1.57263923938413,0.242933315022647
2015-12-11,73.0094,73.2714,72.6446,72.7101,84024,0,0,0
2015-12-14,72.7755,73.5614,72.4107,73.5426,108853,0,0,0
2015-12-15,74.1134,74.4034,73.2714,73.3649,106855,0,-0.928701118434211,-1.63950324220422
2015-12-16,73.9263,74.7681,73.4865,74.6279,75566,0,0.222757866161656,-0.109885242941925
2015-12-17,74.7308,74.9366,73.6269,73.6269,36496,0,-0.746264689795669,-0.493155911038425
2015-12-18,73.4678,73.4678,72.8878,73.0188,38160,0,0,0
2015-12-21,73.4159,73.5498,72.9661,73.5498,19062,0,2.85547651311268,-0.374250968275277
2015-12-22,73.7508,74.3919,73.5953,74.2675,101879,0,0,0
2015-12-23,74.5163,74.7556,74.4015,74.6695,56171,0,0.163964456010623,1.16960728330842
2015-12-24,74.6025,74.7843,74.52,74.6025,31642,0,2.85140322363765,0.399130820074149
2015-12-28,74.4685,74.6503,74.2651,74.612,46295,0,0,0
2015-12-29,74.9948,75.7316,74.9948,75.5785,54925,0,0,0
2015-12-30,75.4159,75.5785,75.1096,75.1575,85355,0,0,0
2015-12-31,75.2245,75.2245,74.3728,74.3728,84298,0,0,0
2016-01-04,73.1479,73.1862,72.4015,73.0618,235047,0,0,0
2016-01-05,73.3776,73.7125,73.1001,73.5594,153982,0,1.11411204756838,-1.31102552061005
2016-01-06,72.6503,73.2436,72.325,72.813,70757,0,0,0
2016-01-07,71.6934,72.7747,71.2915,71.703,295365,0,0,0
2016-01-08,72.1049,72.1527,70.3345,70.4685,93499,0,0,0
2016-01-11,70.5068,70.9183,69.6264,70.5738,146332,0,0,0
2016-01-12,71.2628,71.502,70.5262,71.2532,97756,0,1.22894714711082,-0.799136219535675
2016-01-13,71.3776,71.3776,68.7365,68.813,124521,0,0,0
2016-01-14,68.9661,70.0092,68.0283,69.4446,81672,0,0,0
2016-01-15,67.7508,68.6982,67.1097,68.3728,86739,0,0.355348429834696,1.03799653019267
2016-01-19,69.081,69.3585,68.1719,68.7747,96400,0,0,0
2016-01-20,67.8465,68.4015,66.0858,67.8561,110949,0,0.111067657757647,-0.716231543106329
2016-01-21,68.0762,69.1862,67.8752,68.4972,84212,0,0,0
2016-01-22,69.4637,69.9135,69.3585,69.7891,51715,0,0,0
2016-01-25,69.7317,69.9518,69.1862,69.1958,39577,0,0,0
2016-01-26,69.435,69.9901,69.1384,69.7412,74890,0,1.542579524828,-0.937944257098942
2016-01-27,69.6934,70.1719,68.6121,69.0331,44899,0,0,0
2016-01-28,69.7891,69.8081,68.6599,69.6646,32103,0,0,0
2016-01-29,68.8896,70.325,68.8896,70.2771,43708,0,1.62343980970644,0.419927571863184
2016-02-01,69.7795,70.947,69.7795,70.6503,49228,0,0,0
2016-02-02,70.2389,70.3824,69.3937,69.5594,49254,0,0,0
2016-02-03,69.8274,69.8274,67.6838,68.4781,85027,0,1.47483263055821,0.313630417374717
2016-02-04,67.8082,68.2389,67.1671,67.8465,41969,0,0,0
2016-02-05,67.5403,67.569,65.9805,66.1623,133082,0,1.44287691644949,1.03289723713035
2016-02-08,65.2819,65.4723,64.0389,65.081,76439,0,0,0
2016-02-09,64.258,65.7221,64.258,65.1958,177690,0,0,0
2016-02-10,65.6934,66.5738,65.5116,65.569,39748,0,0.238478861674878,0.667554302521957
2016-02-11,64.8992,65.569,64.4686,65.2437,88587,0,0,0
2016-02-12,65.8178,66.5547,65.5786,66.5307,64049,0,2.09877154263547,0.204536897970686
2016-02-16,67.5499,68.1049,67.2054,67.8943,36781,0,0,0
2016-02-17,68.3346,69.1288,68.2676,68.8992,42718,0,0,0
2016-02-18,68.6121,68.6312,67.9709,68.2963,49494,0,-1.38249605539062,1.47862426452265
2016-02-19,67.9231,68.6408,67.4063,68.6408,23456,0,1.73075425618712,-0.706264438081685
2016-02-22,69.1767,69.6697,68.9944,69.569,40554,0,0,0
2016-02-23,69.8465,69.8465,69.1215,69.5788,27438,0,0,0
2016-02-24,68.9566,70.2484,68.6599,70.1719,40335,0,0,0
2016-02-25,70.2963,70.8129,69.9039,70.8129,17279,0,0,0
2016-02-26,71.1097,71.1097,70.4111,70.5738,32513,0,0,0
2016-02-29,70.4494,71.014,70.1527,70.1527,29773,0,1.76875637266647,-0.309031717881928
2016-03-01,70.7556,71.5786,70.5546,71.5403,30809,0,0,0
2016-03-02,71.5881,71.8274,71.4063,71.7221,18926,0,0,0
2016-03-03,71.1958,71.5116,70.7078,71.5116,23481,0,0.682568208534704,-1.70520916571463
2016-03-04,71.6073,71.9135,71.3011,71.569,21713,0,0,0
2016-03-07,71.2341,71.9231,71.0522,71.3872,22716,0,-1.20789146310752,0.896870327406943
2016-03-08,71.0618,72.0092,71.0618,71.3776,16269,0,1.11774601741865,-2.05410961669542
2016-03-09,71.2341,71.7699,71.2341,71.6264,47437,0,0,0
2016-03-10,72.1623,72.3632,71.0427,71.7987,17293,0,0.912603250277929,-1.05625974315566
2016-03-11,72.3537,72.8417,72.2101,72.813,21693,0,0,0
2016-03-14,72.7445,73.1192,72.7445,72.947,13611,0,0,0
2016-03-15,72.4781,72.8321,72.4781,72.6695,78112,0,0.823783617705617,0.198648790139429
2016-03-16,72.4972,73.1192,72.258,72.88,36369,0,-0.81136715467244,-0.230669067291893
2016-03-17,72.612,72.6599,72.2867,72.5164,45502,0,1.00302151184474,0.180577041662886
2016-03-18,72.9948,73.1288,72.5068,72.8417,26013,0,0.126382832072257,-1.26164598002669
2016-03-21,72.746,72.9757,72.392,72.7556,9702,0,0,0
2016-03-22,72.6216,72.9565,72.4207,72.612,27737,0,1.04913061627949,0.47650984917176
2016-03-23,72.4494,72.7747,72.4494,72.5451,14375,0,-0.210921315798637,-0.0202665717213477
2016-03-24,72.2484,72.7173,72.2484,72.7173,11329,0,-0.375407860812328,-0.157601143089566
2016-03-28,72.88,73.2149,72.7371,72.9087,20140,0,0,0
2016-03-29,72.9757,73.636,72.8226,73.5977,26736,0,-0.769461536372863,0.380097663863043
2016-03-30,73.8101,74.3209,73.8101,74.1049,27964,0,-0.308011644597203,0.990396336534458
2016-03-31,74.0283,74.2388,73.7891,73.8274,44519,0,0,0
2016-04-01,73.5307,74.4302,73.5307,74.3154,34722,0,0,0
2016-04-04,74.3537,74.478,73.9039,74.0092,36375,0,0,0
2016-04-05,73.5786,73.6838,73.1671,73.1766,44051,0,0,0
2016-04-06,73.6647,74.124,73.5498,74.0857,20148,0,-0.210921315798637,1.19303236172647
2016-04-07,73.8274,73.8274,72.7077,72.88,23660,0,0,0
2016-04-08,73.2628,73.2628,72.392,72.5738,139185,0,0,0
2016-04-11,72.6599,73.0235,72.1719,72.2197,81320,0,-0.183650022977595,-0.609416534597451
2016-04-12,72.1623,72.8704,72.0475,72.8704,16824,0,-0.684515616034248,0.686537288093772
2016-04-13,73.1958,73.703,73.1958,73.636,46596,0,-0.365587401429591,-1.06342868588965
2016-04-14,73.5881,73.8656,73.3776,73.6934,20696,0,0,0
2016-04-15,73.8178,74.3058,73.7747,74.2388,21134,0,1.41869582836423,0.982953263286234
2016-04-18,74.1431,74.6599,74.1431,74.6407,31602,0,0,0
2016-04-19,74.88,74.9087,74.1527,74.3922,11230,0,1.44812065472262,-1.18855272854884
2016-04-20,74.4972,74.7709,74.2293,74.4876,9432,0,0,0
2016-04-21,74.5163,74.679,74.0379,74.0474,6330,0,3.59596308413735,-2.3715562289547
2016-04-22,73.9613,74.0666,73.1479,73.6934,10689,0,0,0
2016-04-25,73.5498,73.8847,73.3776,73.7699,7297,0,0,0
2016-04-26,73.9996,74.0856,73.5498,73.6647,11047,0,0,0
2016-04-27,73.6834,73.8752,73.3776,73.703,9221,0,0,0
2016-04-28,73.5977,73.5977,72.3441,72.4876,10433,0,-2.80648015538546,-0.0453762350791251
2016-04-29,73.4254,73.4254,72.4302,72.8417,47490,0,0,0
2016-05-02,73.0809,74.0187,73.0809,73.9518,18372,0,-1.30379138594034,-1.47163104460643
2016-05-03,73.4733,73.8752,73.2726,73.502,13266,0,0,0
2016-05-04,73.0522,73.5403,73.0522,73.368,22688,0,0,0
2016-05-05,73.1766,73.2053,72.679,72.7939,65171,0,0.0971101719669069,-1.01477389421956
2016-05-06,72.4111,72.9374,72.1623,72.9374,55327,0,0,0
2016-05-09,72.9278,73.8178,72.9183,73.5977,17755,0,-1.1339287625996,1.98727418225029
2016-05-10,73.8752,74.0666,73.7125,73.9135,26085,0,0,0
2016-05-11,73.2245,73.2245,72.5068,72.5164,28309,0,0,0
2016-05-12,72.6216,72.7747,72.2388,72.5068,15964,0,0,0
2016-05-13,72.258,72.5259,71.6264,71.6455,51323,0,0,0
2016-05-16,71.7221,72.7843,71.7221,72.5929,41810,0,0,0
2016-05-17,72.5833,72.6503,71.4063,71.5403,24356,0,0,0
2016-05-18,70.6982,71.5307,70.6121,71.1384,120410,0,0.371129554304128,-0.198978476362194
2016-05-19,71.5499,71.8656,71.3106,71.8274,22554,0,1.06396647243804,0.157366361061103
2016-05-20,71.7221,72.2867,71.7221,72.057,15819,0,0,0
2016-05-23,71.9039,72.057,71.435,71.435,12688,0,0,0
2016-05-24,71.8178,72.392,71.8178,72.2006,11086,0,-0.604384592569283,-1.29230179746758
2016-05-25,72.4685,72.6216,72.3441,72.4398,18436,0,0.633447872614705,0.823717132938441
2016-05-26,72.5929,72.9853,72.5929,72.8513,48981,0,0.635497185664743,-0.141206336791709
2016-05-27,73.0427,73.1546,72.9184,73.1288,14720,0,1.46105374949479,-0.672509735318034
2016-05-31,73.2628,73.4541,73.0714,73.3106,16735,0,0,0
2016-06-01,73.3106,73.6455,73.1958,73.4446,11881,0,0,0
2016-06-02,73.5594,74.0666,73.4159,74.0666,118930,0,0,0
2016-06-03,73.8848,73.923,73.5498,73.8465,68716,0,0,0
2016-06-06,73.8369,73.8369,73.4254,73.6073,12921,0,0.802331955009681,0.699292417200386
2016-06-07,73.6742,73.8943,73.5211,73.5881,33406,0,0.513581860224606,-0.0800966796780631
2016-06-08,73.569,73.7508,73.3999,73.7125,21468,0,1.49840435923455,-2.3363675714637
2016-06-09,73.5594,73.6264,73.3009,73.5403,12434,0,-0.798968773574526,-1.07554603329797
2016-06-10,73.1671,73.3967,72.652,73.2436,12115,0,0,0
2016-06-13,73.0714,73.2192,72.8034,72.9033,7861,0,0.445996002449413,0.845101049928934
2016-06-14,72.5738,72.6216,72.0921,72.5259,13817,0,-0.183650022977595,0.51571823184571
2016-06-15,72.5833,73.0427,72.3728,72.4494,135172,0,0,0
2016-06-16,72.3441,72.7173,71.9326,72.6312,95840,0,3.27138059994465,-2.80523265641141
2016-06-17,72.6982,72.6982,72.1623,72.3345,15063,0,0,0
2016-06-20,72.8704,73.3967,72.7173,72.7173,24386,0,0,0
2016-06-21,72.947,72.9853,72.7269,72.8226,37463,0,0,0
2016-06-22,73.0331,73.2245,72.8321,72.9183,16609,0,-1.31958285252346,-0.88976572889392
2016-06-23,73.4829,73.5307,73.2302,73.4733,10101,0,0,0
2016-06-24,71.435,72.6982,71.3872,72.2197,72410,0,0,0
2016-06-27,71.7604,71.7699,70.8226,71.5977,24104,0,0,0
2016-06-28,72.1719,72.4972,71.9326,72.4972,16621,0,0,0
2016-06-29,73.2149,73.6168,73.2149,73.4541,20461,0,-0.277603473793662,0.226006487654032
2016-06-30,73.5881,74.0775,73.3137,74.0283,10941,0,0,0
2016-07-01,74.0762,74.5163,74.0762,74.3728,22744,0,0,0
2016-07-05,74.1144,74.3441,73.8752,74.2388,16663,0,0,0
2016-07-06,74.0953,74.9757,74.0953,74.9278,9881,0,0,0
2016-07-07,74.9278,75.093,74.6503,74.8608,36240,0,0,0
2016-07-08,75.2723,76.0379,75.2723,76.0283,124106,0,1.16336799096962,-1.39488427721934
2016-07-11,76.1431,76.6599,76.1431,76.5259,26152,0,0,0
2016-07-12,76.6694,76.8705,76.3441,76.4685,30044,0,0,0
2016-07-13,76.4781,76.4781,76.2388,76.3441,28110,0,0,0
2016-07-14,76.6886,76.7938,76.4589,76.5355,23094,0,0,0
2016-07-15,76.6886,76.6886,76.0187,76.0761,6445,0,0,0
2016-07-18,76.1431,76.7173,76.1431,76.5737,40397,0,1.07007609615994,2.95767846244546
2016-07-19,76.3824,76.7747,76.3728,76.6312,17223,0,2.16103184313631,0.0447315854276425
2016-07-20,76.8226,77.0044,76.7938,77.0044,14172,0,0,0
2016-07-21,76.9182,76.9182,76.4315,76.4972,7931,0,-0.709821689527199,2.26599792455863
2016-07-22,76.679,76.7938,76.5068,76.7938,10805,0,0,0
2016-07-25,76.7364,76.9182,76.6504,76.9182,2578,0,0,0
2016-07-26,76.9278,77.3801,76.9278,77.167,5549,0,0,0
2016-07-27,77.2627,77.2627,76.4781,76.5737,23673,0,0,0
2016-07-28,76.5546,76.7651,76.1718,76.679,28144,0,0,0
2016-07-29,76.947,76.9563,76.5546,76.88,26006,0,0,0
2016-08-01,76.6982,77.167,76.6982,77.0426,5309,0,0,0
2016-08-02,76.9565,77.0714,76.353,76.4589,13699,0,-0.707686923612893,0.877388182552888
2016-08-03,76.124,76.545,76.0857,76.5259,7514,0,0,0
2016-08-04,76.4493,76.7391,76.3537,76.4685,9929,0,0,0
2016-08-05,76.7364,77.1766,76.7364,77.0235,10724,0,-0.763668775464542,1.21768683512781
2016-08-08,77.234,77.234,76.8513,76.9661,14961,0,0,0
2016-08-09,76.8417,77.0331,76.6034,76.6694,57149,0,0,0
2016-08-10,77.0809,77.1383,76.9364,77.0044,12176,0,0,0
2016-08-11,77.7508,78.1527,77.3632,77.6742,56758,0,0,0
2016-08-12,77.5881,78.1813,77.569,78.1431,24132,0,0,0
2016-08-15,78.3058,78.4685,78.2292,78.2292,10747,0,-0.540449437386232,-2.13576214798934
2016-08-16,77.923,77.971,77.5307,77.5307,6907,0,0,0
2016-08-17,76.9182,77.1575,76.5546,77.1575,16057,0,0,0
2016-08-18,77.3106,77.3795,77.1766,77.301,12834,0,-0.874229534736247,-1.0525491320338
2016-08-19,77.3871,77.4015,77.1479,77.368,10618,0,0,0
2016-08-22,77.4063,77.4446,77.1958,77.3967,2964,0,-0.850911265508034,-0.573735728050628
2016-08-23,77.7125,77.7891,77.5115,77.5115,10344,0,-2.93796745371744,-0.743437125041617
2016-08-24,77.5594,77.5921,77.1096,77.1958,6989,0,-2.13254740645295,0.801076070653397
2016-08-25,76.8034,76.8321,76.0857,76.1049,14640,0,0,0
2016-08-26,76.5449,76.5449,75.7316,76.0379,11079,0,0.858824787816337,-2.52863023630586
2016-08-29,76.0474,76.2674,76.0474,76.2293,21082,0,0.0723147743155582,-1.80394788420849
2016-08-30,76.2293,76.2293,75.6551,75.7316,13551,0,0.584619683853907,0.963704186301605
2016-08-31,75.6838,75.7604,75.3393,75.6168,20394,0,0,0
2016-09-01,75.636,75.6934,75.3632,75.6838,9665,0,0,0
2016-09-02,75.9039,76.1431,75.7508,75.9517,26498,0,-0.134294484385045,0.348618262511346
2016-09-06,76.0761,76.1431,75.6647,76.1431,50135,0,0,0
2016-09-07,76.0187,76.1431,75.6551,75.8943,23833,0,2.79484943643364,-1.80394788420849
2016-09-08,75.6551,75.7413,75.3594,75.435,8670,0,0,0
2016-09-09,75.0139,75.0139,73.6838,73.6984,11611,0,0,0
2016-09-12,73.4637,74.6407,73.4446,74.5068,9921,0,-0.908648194108244,2.57689088965257
2016-09-13,74.124,74.124,73.4063,73.5307,11536,0,0.514343264851628,0.61954961535029
2016-09-14,73.6934,73.6934,72.9757,73.0714,7953,0,0,0
2016-09-15,72.8896,73.7795,72.8896,73.7508,15717,0,0,0
2016-09-16,73.6168,73.8274,73.4924,73.7891,3645,0,-1.29469630075639,1.86751394181824
2016-09-19,73.9805,73.9805,73.5691,73.636,5021,0,0,0
2016-09-20,73.6838,73.8752,73.5593,73.569,6525,0,0.497512495438895,-0.609416534597451
2016-09-21,73.8465,74.2006,73.4733,74.191,3438,0,0,0
2016-09-22,74.4398,74.7651,74.4398,74.746,4839,0,0,0
2016-09-23,74.6025,74.8459,74.6025,74.6886,104473,0,0,0
2016-09-26,74.3632,74.3632,73.8082,73.8274,14425,0,0,0
2016-09-27,73.9326,74.5546,73.9326,74.4781,21199,0,0,0
2016-09-28,74.5355,74.5355,74.1814,74.3441,7310,0,0,0
2016-09-29,74.3632,74.4876,73.7891,73.8465,5937,0,0,0
2016-09-30,74.191,74.8321,74.191,74.612,19292,0,-0.12610173033104,3.17198163019277
2016-10-03,74.5259,74.5259,74.1623,74.2675,17521,0,0,0
2016-10-04,74.3919,74.6982,74.0379,74.2101,12065,0,-1.90121802938232,2.40167371769464
2016-10-05,74.3441,74.5738,74.3441,74.3919,6715,0,0,0
2016-10-06,74.2963,74.5574,73.9135,74.5259,15488,0,-3.15300624976539,0.0113173396110367
2016-10-07,74.679,74.679,74.1527,74.4111,4372,0,0,0
2016-10-10,74.5738,74.6407,74.3441,74.3441,15805,0,0,0
2016-10-11,74.2293,74.2293,73.5881,73.7795,5197,0,0,0
2016-10-12,73.8178,74.5451,73.8178,74.3345,63704,0,-0.298702425320495,0.619277035952562
2016-10-13,73.8034,74.2197,73.636,74.1527,4526,0,0.0253121838673047,1.90814156876606
2016-10-14,74.3537,74.3537,73.99,73.99,3133,0,0,0
2016-10-17,73.5403,73.5403,73.2245,73.2436,1943,0,0,0
2016-10-18,73.7699,73.7699,73.3833,73.4842,12644,0,0,0
2016-10-19,73.569,73.569,73.1671,73.3872,10711,0,0,0
2016-10-20,73.6838,73.6838,73.3489,73.6073,3327,0,0,0
2016-10-21,73.2628,73.7699,73.2628,73.7699,4974,0,0,0
2016-10-24,74.0762,74.4589,74.0762,74.4589,10711,0,0.388888572236265,4.39557722094338
2016-10-25,74.1144,74.1144,73.7126,73.7699,3138,0,0.322774952312084,-2.07667780166449
2016-10-26,73.5403,73.77,73.4541,73.6498,3719,0,0.764966384192675,-0.198125800449937
2016-10-27,73.7699,73.7891,73.1385,73.1958,7000,0,0.360387249267502,1.82041365655631
2016-10-28,71.2819,71.703,71.0044,71.4924,29419,0,0,0
2016-10-31,71.5977,71.9569,71.5977,71.8369,10522,0,0,0
2016-11-01,71.7987,71.7987,70.746,71.0331,38002,0,-0.198843752476898,-0.213584961046425
2016-11-02,70.9661,71.3298,70.9661,71.1575,11618,0,0,0
2016-11-03,71.2628,71.3891,70.2006,70.325,12241,0,0,0
2016-11-04,70.2006,70.5738,69.9996,70.0188,9232,0,0.661401221674441,-0.537115952910467
2016-11-07,71.014,71.7795,71.014,71.7125,17703,0,-2.24375129818844,0.444472653895305
2016-11-08,70.8991,71.5499,70.7939,71.1958,18718,0,-0.354169656221404,-0.977463666573916
2016-11-09,70.2963,72.3345,70.2963,72.2676,26190,0,0.495914772565362,-0.815634300034603
2016-11-10,72.8991,73.4829,72.612,72.8034,17096,0,0.0919416977293858,0.468614177724027
2016-11-11,72.5546,72.9352,72.3824,72.8417,7551,0,0.766963278078901,0.736008613966247
2016-11-14,73.1001,73.4924,72.9183,72.9853,23282,0,0,0
2016-11-15,73.2532,73.4159,72.9661,73.3872,33130,0,0,0
2016-11-16,73.4159,73.8752,73.4159,73.5987,13157,0,-0.250400915650925,-0.44012474941501
2016-11-17,73.3106,74.3154,73.3106,74.3154,8796,0,0,0
2016-11-18,74.3154,74.3728,74.0762,74.0857,7715,0,1.77800562988983,-0.982805057944712
2016-11-21,74.258,74.5334,74.2568,74.5334,167885,0,1.44335530672579,0.159861654552059
2016-11-22,74.8226,75.4733,74.8226,75.4446,40933,0,-0.152051550852844,-0.135179262835101
2016-11-23,75.2723,75.502,75.1451,75.4541,18047,0,0.296604702119963,2.3469350070825
2016-11-25,75.8752,75.9039,75.4924,75.4924,13527,0,0,0
2016-11-28,75.3872,75.3872,74.9518,75.0809,6189,0,0,0
2016-11-29,75.1575,75.3966,75.0204,75.0714,8608,0,-0.849069567811028,-0.808910878462428
2016-11-30,75.0331,75.0331,74.572,74.5833,30219,0,-0.187306379060347,-0.733766125987362
2016-12-01,74.258,74.746,74.0953,74.3728,5076,0,0,0
2016-12-02,74.3919,74.7555,74.3919,74.4419,4650,0,-1.62816804053489,-2.3165525992843
2016-12-05,74.6982,75.0044,74.5068,74.813,5655,0,0.80470687608763,1.02318145152108
2016-12-06,75.0044,75.0427,74.8034,74.947,7836,0,-0.408997021551471,-0.754017697971419
2016-12-07,74.9087,76.1431,74.8417,76.0379,19079,0,0,0
2016-12-08,76.2962,76.3632,76.0078,76.1144,6848,0,-0.286593131747113,-0.903301725321188
2016-12-09,76.1814,76.4876,76.0666,76.4876,41847,0,0.0723147743155582,0.101872587216396
2016-12-12,76.2484,76.3537,75.923,76.0666,17010,0,-0.117457780109271,-0.101959400641451
2016-12-13,76.2197,77.0521,76.2197,76.7556,17306,0,0,0
2016-12-14,76.8417,76.9135,76.0379,76.124,17490,0,1.60475198010767,-0.613185289198418
2016-12-15,76.1336,76.3728,75.9556,75.9709,6038,0,-0.182124695947704,-0.455748821614
2016-12-16,76.124,76.191,75.502,75.6742,19265,0,1.96229673569504,-0.492645587109411
2016-12-19,75.7269,76.2529,75.3762,75.9899,41419,0,-0.0133593933734723,-0.921623591882155
2016-12-20,76.1262,76.5159,76.1262,76.3795,8434,0,-0.845034303344825,0.12769671284546
2016-12-21,76.3308,76.3308,76.1165,76.1165,2940,0,0,0
2016-12-22,76.0093,76.0093,74.7479,74.9086,7216,0,0,0
2016-12-23,74.8891,75.045,74.7538,74.7538,4485,0,0,0
2016-12-27,74.8307,75.3801,74.8307,75.1327,9407,0,0,0
2016-12-28,75.2885,75.3284,74.6261,74.6924,5642,0,0,0
2016-12-29,74.6261,74.7733,74.4703,74.5482,6421,0,0,0
2016-12-30,74.5287,74.6164,73.8319,73.8372,4899,0,0,0
2017-01-03,74.3144,74.3246,74.0319,74.3047,4394,0,-0.505192578254944,4.2664432469967
2017-01-04,74.5579,75.1814,74.5579,74.9378,11955,0,0,0
2017-01-05,73.915,74.5969,73.915,74.5969,31055,0,0,0
2017-01-06,74.5482,74.8828,74.3933,74.7722,18664,0,-0.0886953401107796,1.53977656296886
2017-01-09,74.743,74.8404,74.6748,74.7722,4340,0,-0.400769342090356,1.85936235408143
2017-01-10,74.6846,75.3275,74.6748,75.0651,11157,0,0.136626616727796,-1.66944553539402
2017-01-11,74.9768,75.0645,74.3144,74.8015,6309,0,0.916520886616191,0.175387925162456
2017-01-12,74.6553,75.1327,74.6456,75.0839,7893,0,0,0
2017-01-13,74.7917,75.3885,74.7917,75.1739,11659,0,0,0
2017-01-17,74.9963,75.9801,74.9963,75.7074,11025,0,0.182370847469437,-1.65267224410864
2017-01-18,75.5515,75.5515,75.1037,75.4054,5829,0,-0.147940323453794,-1.09290783064936
2017-01-19,75.2398,75.4525,74.743,74.8794,201447,0,-0.835196779723802,-0.423600546880178
2017-01-20,75.1034,75.1034,74.5482,74.6846,14528,0,0.810653558407613,1.38279001482494
2017-01-23,74.3826,74.8696,74.3826,74.5579,20238,0,0,0
2017-01-24,74.6261,75.0937,74.6261,75.0363,6769,0,-0.708998854008717,-0.435244581167457
2017-01-25,75.4737,75.5515,75.2593,75.3372,12454,0,0.525683057076469,-1.28278130306735
2017-01-26,75.0158,75.1716,74.8404,74.8404,107195,0,0,0
2017-01-27,74.9281,74.9281,73.9442,74.1293,86007,0,-0.00683806681639019,-0.406954314750595
2017-01-30,73.993,74.402,73.7616,74.3804,29539,0,2.21404204184845,-0.667597237978506
2017-01-31,74.1293,74.6739,74.0124,74.5969,13764,0,-0.551599419086502,-0.566488064220804
2017-02-01,74.7528,74.7528,74.1196,74.3047,14547,0,1.00055102763519,0.377034182811615
2017-02-02,74.4021,74.6652,74.4021,74.5384,6230,0,0.0503841153571851,-0.39758997421188
2017-02-03,74.3295,75.2106,74.1919,74.3826,180658,0,-1.65409609447986,-0.711172908823577
2017-02-06,74.4313,74.4313,74.0904,74.1001,12062,0,-0.267368321330459,-0.962437251884736
2017-02-07,74.3047,74.558,74.2264,74.3144,25398,0,-0.744506901264771,0.019466715430725
2017-02-08,74.4021,75.045,74.4021,75.004,42666,0,0.417275306552742,-1.68589186193699
2017-02-09,75.0547,75.8231,75.006,75.6782,19034,0,-1.73360927332688,0.865057491721908
2017-02-10,75.7561,75.9801,75.6951,75.9704,8229,0,0,0
2017-02-13,76.2724,76.2724,75.9314,76.0386,7860,0,0,0
2017-02-14,75.9606,76.6328,75.9606,76.6328,15698,0,-0.816633084522625,-0.500848018163718
2017-02-15,76.5451,77.3341,76.5451,77.3244,28394,0,0,0
2017-02-16,77.227,77.4634,76.9932,77.1101,16070,0,0,0
2017-02-17,76.9055,77.3828,76.9055,77.3828,6898,0,0,0
2017-02-21,77.977,78.2149,77.9186,78.0939,27480,0,0,0
2017-02-22,78.1329,78.1329,77.753,77.9398,16667,0,-1.69976614666351,-1.10343249653438
2017-02-23,78.055,78.055,77.4218,77.4218,72170,0,0,0
2017-02-24,77.2367,78.0452,77.2367,78.016,25325,0,1.51620629163788,0.694583807351079
2017-02-27,77.9576,78.1816,77.9088,78.0939,35001,0,0.954578711704674,-0.265457971332325
2017-02-28,77.3926,77.3926,76.8666,77.0029,53047,0,-0.564823130305289,-0.145660401555421
2017-03-01,77.753,77.753,77.451,77.49,13236,0,-1.67289975268321,-2.64011982893622
2017-03-02,77.5289,77.7438,77.5289,77.5484,5405,0,-1.1018589425221,-0.309934504292123
2017-03-03,77.4121,77.4121,76.8568,77.0029,10087,0,0,0
2017-03-06,76.8179,76.8179,76.3892,76.399,5528,0,0.00749252045560378,-0.805660970604979
2017-03-07,76.1847,76.4477,76.0581,76.0873,7070,0,-0.33250917760418,-1.25215464616483
2017-03-08,76.2236,76.6963,76.2236,76.5061,9461,0,0,0
2017-03-09,76.4672,76.6612,76.3035,76.4477,4315,0,0,0
2017-03-10,76.5841,76.7594,76.3698,76.4185,3671,0,0.415772993228916,-1.04900407125431
2017-03-13,76.4574,76.5158,76.3698,76.4771,5788,0,-0.382024986973131,-1.51815203106474
2017-03-14,76.4948,76.4948,76.3552,76.438,5646,0,-0.758110856214667,-0.598808727245693
2017-03-15,76.5061,76.751,76.1798,76.7506,6988,0,0.807876770747461,-1.10106049006894
2017-03-16,76.7399,77.0516,76.7204,76.7691,6122,0,-0.375884809516126,1.89129827852705
2017-03-17,76.9445,76.9542,76.671,76.9347,4806,0,0,0
2017-03-20,76.9542,76.9542,76.4282,76.4282,31983,0,0,0
2017-03-21,76.6035,76.6035,75.3957,75.4638,14175,0,0,0
2017-03-22,75.4151,75.8535,75.308,75.834,243697,0,0.160910889089849,0.978143995215428
2017-03-23,75.8632,76.0415,75.6002,75.7463,6455,0,-1.08222849625192,-0.165547301154969
2017-03-24,75.8535,75.9022,75.61,75.6879,3408,0,-0.643468986616895,-1.00927608965504
2017-03-27,75.1034,75.7269,75.1034,75.6684,38049,0,0,0
2017-03-28,75.61,76.1555,75.61,76.1555,7662,0,-0.548817867148481,-1.52912926454318
2017-03-29,75.795,76.9555,75.795,76.8471,26298,0,-1.81773477028057,0.0408792975180949
2017-03-30,76.6425,76.9932,76.6425,76.9542,47211,0,0,0
2017-03-31,76.8568,77.1588,76.8568,76.964,29181,0,0,0
2017-04-03,77.0322,77.0322,76.4572,76.6133,38399,0,-0.519540587014459,0.15404480624091
2017-04-04,76.4867,76.4867,76.2696,76.4185,5859,0,-0.710022772270097,-0.358153043817197
2017-04-05,76.7204,76.9542,76.2431,76.2431,15748,0,-1.20560965892354,-0.0609072414087078
2017-04-06,76.5451,77.0404,76.5451,76.701,7780,0,-0.354169656221404,0.263949362362917
2017-04-07,76.701,76.7788,76.6035,76.6912,4011,0,1.54826121815192,0.134419289086389
2017-04-10,76.8568,77.6166,76.8568,77.4023,19004,0,-1.15866624452991,-1.94232428807432
2017-04-11,77.4023,77.4023,76.8958,77.2172,13159,0,0,0
2017-04-12,77.227,77.227,76.9889,76.9889,2919,0,-0.0709765236906567,-2.48923165845904
2017-04-13,76.9835,77.0906,76.6035,76.6035,8465,0,0.58389256179779,0.191667664223776
2017-04-17,76.662,77.0614,76.662,77.0614,3262,0,0,0
2017-04-18,76.4185,76.8276,76.3308,76.7302,8142,0,0,0
2017-04-19,76.8958,77.1778,76.7399,76.7886,2249,0,0.715174561820172,-0.845234564215597
2017-04-20,77.3544,77.8309,77.227,77.6556,19927,0,0,0
2017-04-21,77.6556,77.7433,77.5777,77.6361,4330,0,0,0
2017-04-24,78.24,78.318,78.0452,78.2485,5715,0,0.301281777820885,-0.331132527735947
2017-04-25,78.2693,78.5587,78.2693,78.5587,5454,0,0,0
2017-04-26,78.7368,79.0533,78.717,78.8732,11397,0,-0.685534405411733,0.916435515136102
2017-04-27,79.146,79.409,79.107,79.3895,6699,0,-0.25239119456091,-0.243933777629302
2017-04-28,79.4285,79.4659,79.1415,79.1752,3569,0,0,0
2017-05-01,79.3213,79.4285,79.2044,79.2336,5833,0,0,0
2017-05-02,79.2336,79.3603,78.883,79.3603,9163,0,0.0579748626264487,-1.09936314006997
2017-05-03,79.1947,79.5259,79.0681,79.5259,2360,0,0,0
2017-05-04,79.5356,79.7893,79.4509,79.7109,25398,0,2.02650272113466,-0.579746749455924
2017-05-05,79.8473,79.8765,79.5746,79.8084,5582,0,-0.581937741387237,4.23736465237917
2017-05-08,80.1493,80.2662,80.1493,80.2662,3127,0,0,0
2017-05-09,80.461,80.7825,80.461,80.6656,7237,0,-0.890349415604647,-0.298244417834133
2017-05-10,80.5,80.9481,80.5,80.9481,3793,0,0,0
2017-05-11,80.4415,80.5779,80.1395,80.3928,27511,0,0.163964456010623,-2.50813002832573
2017-05-12,80.0811,80.2564,79.9155,79.972,20629,0,0,0
2017-05-15,80.0324,80.4026,79.8376,79.9155,15915,0,0,0
2017-05-16,79.896,79.896,79.5794,79.5794,48923,0,0,0
2017-05-17,79.2336,79.3408,78.5907,78.6005,6767,0,0,0
2017-05-18,78.7466,79.2921,78.7466,79.1557,9191,0,0.963548094201746,-0.954384332422343
2017-05-19,79.8571,80.0134,79.7694,79.82,11175,0,2.70510203486306,0.17530584907351
2017-05-22,80.0519,80.2759,80.0519,80.1785,4988,0,0,0
2017-05-23,80.2759,80.2759,79.5648,79.6233,16259,0,-0.553397142364772,-0.534957230903276
2017-05-24,79.5453,79.5453,79.107,79.4285,5252,0,-1.05744450724365,-2.77371231456619
2017-05-25,79.9155,80.6605,79.9155,80.5487,4654,0,0,0
2017-05-26,80.8409,80.8409,80.5097,80.5681,3435,0,0,0
2017-05-30,80.5,80.6656,80.461,80.6461,4124,0,0,0
2017-05-31,80.6656,80.6948,80.198,80.685,18474,0,-0.762010364075466,-0.764512943700174
2017-06-01,80.8701,81.6981,80.8701,81.6981,16817,0,0.506628582675717,-1.38555829094966
2017-06-02,81.7079,81.8316,81.5228,81.7663,18107,0,-0.218495133642121,-1.17678854592339
2017-06-05,81.9027,81.9027,81.591,81.8325,6599,0,0,0
2017-06-06,81.591,81.591,80.5974,80.6169,5136,0,-1.31463684600875,-0.324306693605382
2017-06-07,80.7922,80.9299,80.7045,80.8312,2196,0,0.176731161614295,-0.709129923703979
2017-06-08,81.2013,81.2111,80.8107,80.8506,2188,0,-1.62654685484612,1.21487174252853
2017-06-09,80.9286,81.007,80.0324,80.685,3230,0,0.205585701831828,-0.692671749873372
2017-06-12,80.5194,80.5876,80.4223,80.4414,1924,0,0,0
2017-06-13,80.5779,81.0162,80.5389,80.9968,5595,0,0.738599609132724,-1.13069643885943
2017-06-14,80.8215,81.1429,80.8117,81.1429,2538,0,0,0
2017-06-15,80.159,80.159,79.3223,79.7207,7225,0,1.35175729312515,-1.30753198727997
2017-06-16,78.844,78.844,78.0745,78.6881,67916,0,1.07547816423935,0.918915214921164
2017-06-19,79.2044,79.425,78.7271,79.37,25453,0,-2.02309124534022,2.12796015048013
2017-06-20,79.4577,79.4577,78.5128,78.542,37424,0,0,0
2017-06-21,78.6589,78.8148,78.4251,78.7466,9653,0,0,0
2017-06-22,78.6881,78.7855,78.4543,78.5518,26968,0,0,0
2017-06-23,78.4933,78.4933,78.0257,78.1232,2198,0,0,0
2017-06-26,78.5615,78.7271,78.4886,78.6005,26927,0,0,0
2017-06-27,78.4446,79.0679,78.4446,78.4641,4206,0,0,0
2017-06-28,78.4836,78.9008,78.469,78.8342,4196,0,-1.81735992839673,-1.23296426684734
2017-06-29,78.9024,78.9024,77.6848,78.2103,36432,0,0,0
2017-06-30,78.3862,78.5458,78.1037,78.3862,36812,0,0,0
2017-07-03,78.5615,78.8814,78.2887,78.2887,13296,0,0,0
2017-07-05,78.279,78.279,77.9575,78.0841,2762,0,-0.618771260061299,-0.840229773695736
2017-07-06,77.5283,77.5283,77.1003,77.1003,5045,0,0.722924323413972,0.0956181365366141
2017-07-07,77.2465,77.4315,77.188,77.228,10595,0,1.35971488585977,-1.69560666877865
2017-07-10,77.1685,77.1685,76.7691,76.8666,9609,0,0.134815570048297,-0.0114927157976545
2017-07-11,76.7594,76.7985,76.5354,76.6523,3359,0,-0.0939831544351098,-0.177884266936918
2017-07-12,76.9737,77.3341,76.9737,77.2172,15319,0,0,0
2017-07-13,78.2108,78.2108,77.4997,77.7725,109015,0,0,0
2017-07-14,78.0063,78.1719,77.8017,78.0647,12326,0,-1.16713224206446,1.65966872914431
2017-07-17,78.1232,78.5518,78.1232,78.3764,28241,0,-0.0874344505527932,-0.0125982498105113
2017-07-18,78.0744,78.3569,78.0744,78.1231,49267,0,0.585256087468241,-0.79119304432087
2017-07-19,78.3862,78.6297,78.3862,78.4641,12783,0,0,0
2017-07-20,78.6687,78.6687,78.1426,78.2303,20847,0,0,0
2017-07-21,77.9868,78.2595,77.9186,78.2595,16469,0,0,0
2017-07-24,78.24,78.4738,78.24,78.3569,8121,0,0,0
2017-07-25,78.5518,79.4966,78.5518,79.3992,6112,0,0.323678351924951,-0.55343132945719
2017-07-26,79.5064,79.6428,79.1947,79.6428,3246,0,-0.835196779723802,0.192625942998533
2017-07-27,79.8473,80.4026,79.4985,79.9029,18396,0,1.85983753227187,-2.27452084011587
2017-07-28,79.2921,79.5843,79.1557,79.4577,6748,0,3.06445499094931,-1.08311000082252
2017-07-31,79.7109,79.7109,79.3116,79.5843,3974,0,1.70658096095317,0.163472229801808
2017-08-01,79.8863,80.0106,79.8181,79.9155,6231,0,-1.78817484448658,0.0788154554089101
2017-08-02,79.7986,79.7986,79.1655,79.4772,9162,0,0,0
2017-08-03,79.4772,79.4772,78.6297,78.6297,3650,0,0,0
2017-08-04,79.0096,79.0096,78.6541,78.9041,2523,0,-0.862931964296691,0.816773366634787
2017-08-07,79.0291,79.5467,79.0291,79.5467,4788,0,-0.817575196150222,-2.3165525992843
2017-08-08,79.594,80.0324,79.4823,79.4966,4321,0,0,0
2017-08-09,79.2239,79.3116,78.8732,79.0195,4249,0,0,0
2017-08-10,78.7563,78.7563,77.6166,77.6166,11817,0,1.8635256258743,-0.857725820974323
2017-08-11,77.5387,78.1329,77.5387,78.016,2312,0,-1.35859879228604,1.29461087708489
2017-08-14,78.3959,78.3959,77.977,78.0939,5574,0,0,0
2017-08-15,78.1913,78.1913,77.227,77.227,21919,0,0,0
2017-08-16,77.5874,77.8602,77.5874,77.6556,4479,0,2.44802973425299,-1.08190313848819
2017-08-17,77.2465,77.3828,76.5354,76.5354,65878,0,0,0
2017-08-18,76.7302,76.7399,76.4477,76.4477,2425,0,-1.64102099261287,-0.0343746988544617
2017-08-21,76.1457,76.662,76.0775,76.5743,164154,0,0.0347017250862282,0.49320741405682
2017-08-22,76.7789,77.4705,76.7789,77.4705,3527,0,-0.139960298764292,-0.44120701801957
2017-08-23,76.9932,77.1342,76.8958,77.1101,3400,0,0.268869350050602,1.18952233588236
2017-08-24,77.5192,77.5192,76.0483,76.0483,3694,0,-0.131659251163765,-0.210386181382144
2017-08-25,76.3698,76.701,76.3698,76.4769,2484,0,-0.668962120263523,0.401570553402358
2017-08-28,76.5451,76.5451,76.3308,76.3853,2316,0,0.460372518319329,-0.68674771293863
2017-08-29,75.9412,76.4672,75.4648,76.3405,6793,0,0.143475888679091,0.351252170420574
2017-08-30,76.4867,76.8877,76.4769,76.8877,1202,0,-0.598424178206779,0.530482640205057
2017-08-31,76.964,77.2492,76.8763,77.0127,6944,0,-0.244785520867406,0.300979859328167
2017-09-01,77.2465,77.5582,77.2465,77.5289,2025,0,-0.273301750204891,0.342268460824399
2017-09-05,77.5394,77.8846,77.5192,77.6166,5010,0,-0.309457908982952,1.02456732436311
2017-09-06,77.8601,78.474,77.8601,78.4251,5312,0,1.09730726746101,-0.194088335431614
2017-09-07,78.7174,78.9317,78.5698,78.9024,6832,0,-0.440571293478864,0.358047534664984
2017-09-08,78.7076,78.7076,77.8796,78.1719,3480,0,0.171476693130533,0.223826159074614
2017-09-11,78.4056,78.7368,78.4056,78.7271,2716,0,-0.168347689264572,-0.231965120438011
2017-09-12,79.0798,79.7207,79.0798,79.5107,3049,0,-1.20336140424557,-0.528673424011987
2017-09-13,80.4805,80.5876,80.4805,80.5876,2054,0,-0.681541007552858,-0.299439878634655
2017-09-14,80.422,80.422,79.9058,79.9252,2647,0,-0.230360515881191,-0.381308096937241
2017-09-15,79.8765,80.1045,79.8765,80.0616,2484,0,-2.00351970264068,-1.48330728871891
2017-09-18,80.1883,80.2175,79.5715,79.5715,4705,0,-0.25999151146394,0.169116595134439
2017-09-19,79.7694,79.7694,78.9705,78.9705,3291,0,0.266364672526547,0.260747700947183
2017-09-20,78.9695,79.0388,78.6687,78.8245,1250,0,0.212302176951793,1.14674174917261
2017-09-21,78.7076,78.7076,78.3345,78.4154,4195,0,-0.272446855242836,0.791257959333178
2017-09-22,78.3472,78.6005,78.3277,78.6005,2300,0,0.0733425337199065,0.318244027005519
2017-09-25,79.0708,79.0708,78.6687,78.8094,3379,0,-0.108186736038863,0.385022580673465
2017-09-26,79.2532,79.2532,78.9736,79.2052,1093,0,0.349290874493535,0.193041960881996
2017-09-27,79.2531,79.5259,79.0583,79.4403,8796,0,-0.279002373481303,-0.284257135664133
2017-09-28,79.1567,79.2109,79.107,79.1267,2247,0,-0.532731646392368,0.300295609690358
2017-09-29,79.3213,79.4164,79.3213,79.409,1058,0,0.00951546731961879,0.713968603743681
2017-10-02,79.4674,79.4869,79.1697,79.4733,9514,0,0.0565536047298658,-0.238991707947044
2017-10-03,79.5648,79.6427,79.5648,79.594,970,0,0.635178295444671,-0.399152260212328
2017-10-04,79.4966,79.5366,79.3797,79.409,1946,0,-0.625876634264975,0.325674488310085
2017-10-05,79.5648,80.1094,79.5648,80.0701,3405,0,-0.301226326726186,-0.010558955317941
2017-10-06,79.594,79.729,79.594,79.6817,721,0,-0.221989553470682,0.117998707873822
2017-10-09,78.5907,78.7567,78.4934,78.4934,3866,0,-0.188691639666324,-0.496996260099173
2017-10-10,78.9998,79.1849,78.8644,78.9624,2271,0,0.0962832306884258,-0.138470539538474
2017-10-11,79.2141,79.3375,79.1557,79.1849,7281,0,-0.440842662759464,-0.00495357395348566
2017-10-12,79.2336,79.3408,78.8537,79.0973,8277,0,0.331819074557302,-0.438786201330195
2017-10-13,79.2434,79.3992,79.2434,79.2496,3141,0,-0.0860770957600398,-0.669542791533018
2017-10-16,79.3505,79.3505,78.7271,78.8635,4726,0,-0.0516185216105216,0.177290235300569
2017-10-17,78.7855,79.1654,78.7855,79.003,9840,0,-0.367029125281938,-0.153011284194572
2017-10-18,79.2044,79.2239,79.1417,79.2141,2090,0,-0.184553407928097,0.727629373856835
2017-10-19,78.7661,79.1362,78.7661,79.0291,1819,0,0.138004390269721,-0.662123810171938
2017-10-20,79.3505,79.5161,79.2726,79.5161,1831,0,-0.798303388053236,-0.375062924991365
2017-10-23,79.5648,79.9252,79.4502,79.4502,9769,0,-0.328207084729746,-1.03184019063309
2017-10-24,79.5746,79.8181,79.5259,79.6135,3027,0,-0.0646243092862891,0.360567361825836
2017-10-25,79.6039,79.6039,79.1752,79.4285,6666,0,-0.265659215496569,-0.1207012102829
2017-10-26,79.8571,80.0129,79.146,79.2823,7622,0,-0.497321244181171,-0.42316733170078
2017-10-27,79.9155,79.9155,79.0875,79.8181,9817,0,0.232064528899437,-0.506867232963657
2017-10-30,79.633,79.711,79.2239,79.3701,1807,0,-0.911040001790293,0.0198572145016429
2017-10-31,79.7153,79.7153,79.4285,79.4674,2918,0,-0.656878719982735,0.503048415626277
2017-11-01,79.935,79.935,79.5648,79.7743,7546,0,-0.10073663524835,0.468038102208326
2017-11-02,79.7889,79.8765,79.5492,79.7109,3066,0,0.638601396982474,0.420727905989329
2017-11-03,79.9545,80.237,79.9545,80.1103,1088,0,0.143086635000626,0.317113227878401
2017-11-06,79.9642,79.9642,79.7365,79.7365,1094,0,-0.656038114249174,0.291674847035968
2017-11-07,79.8863,80.0227,79.5356,79.6525,4724,0,0.441104330140319,0.0227094674427341
2017-11-08,79.7985,80.5682,79.7985,80.3928,7789,0,0.56939396723159,-0.233889493232291
2017-11-09,80.1493,80.7532,80.0519,80.7532,1934,0,0.209777041294959,-0.79284098232308
2017-11-10,80.6266,81.3647,80.6266,81.2987,14070,0,-0.758034720334532,0.489811865108391
2017-11-13,81.4254,82.0293,81.2793,81.3377,18063,0,0.406737497266914,-0.216300182371339
2017-11-14,81.0455,81.2793,80.987,81.2793,2120,0,1.22454624420216,-0.0846071447463362
2017-11-15,80.5,80.7834,80.4805,80.5292,6054,0,-0.408221583495899,-0.0049263740487149
2017-11-16,81.1429,82.1657,81.1429,82.1462,15787,0,-0.562548030672138,0.0581022534710749
2017-11-17,82.7599,83.0424,82.6333,82.9644,160709,0,0.024063183728305,-0.13817050833005
2017-11-20,82.906,82.9191,82.6235,82.9157,4264,0,0.552666769149246,0.0224660260908769
2017-11-21,83.0424,83.1885,82.9157,83.1788,15803,0,0.406551532539857,0.647435635957893
2017-11-22,83.3151,83.773,83.2859,83.5489,6243,0,-0.502255581653491,-0.213434560136773
2017-11-24,83.8898,83.8898,83.5489,83.5489,8335,0,1.4267689555695,0.254137560186426
2017-11-27,83.8801,84.2839,83.7632,83.8314,11128,0,-0.146739738728425,-0.483098276937433
2017-11-28,84.0749,85.2439,83.8713,85.2439,59868,0,0.0827644201990937,-0.794362575263536
2017-11-29,85.3315,86.4615,85.3315,86.2667,14323,0,0.378481177021485,1.07562744222996
2017-11-30,86.9485,87.6012,86.6953,87.0947,42636,0,-0.983721950192072,0.0697941031473687
2017-12-01,86.9388,86.9388,85.4776,86.6855,37759,0,-0.0908835807835031,-0.00819810685250494
2017-12-04,87.4746,88.2977,87.4746,88.1077,19459,0,0.171793532796927,0.359931164804832
2017-12-05,88.2831,88.2831,87.494,87.5038,17625,0,-0.0758231411232196,-0.888199071631674
2017-12-06,87.2018,87.5525,87.0199,87.2115,8232,0,0.522534792033786,0.0988474753569915
2017-12-07,87.4551,87.7473,87.3577,87.4551,16463,0,0.0999647454941243,-0.558593710038374
2017-12-08,87.8252,88.4681,87.5914,88.4097,12205,0,0.171168019202375,0.243798275178124
2017-12-11,88.4584,88.5461,88.1129,88.5266,8882,0,-0.216193525415395,0.372972995026487
2017-12-12,88.7204,88.7204,88.2733,88.3025,8540,0,0.679227607646733,0.242167406096323
2017-12-13,88.5552,88.9283,88.5552,88.848,12670,0,-0.306482608265814,-0.226579028287683
2017-12-14,88.6435,89.0817,88.361,88.361,7600,0,0.701864535838306,-0.0130648705016591
2017-12-15,89.4228,89.5981,88.9454,89.1499,13518,0,0.0268550118683177,0.22143653213572
2017-12-18,90.0485,90.3849,89.7912,90.2068,91314,0,-0.186415909910995,-0.588118688829192
2017-12-19,90.4641,90.5532,90.1362,90.3553,11471,0,0.735364418873061,0.582077560790643
2017-12-20,90.4641,90.7412,90.2676,90.474,5697,0,-0.312066491074924,0.0770800952401491
2017-12-21,90.6026,90.7515,90.4938,90.573,7101,0,-0.726379781931245,-0.0705547172866782
2017-12-22,90.4047,90.5433,90.3157,90.474,9911,0,-0.347486488777479,-0.532320506165922
2017-12-26,90.4344,91.1801,90.4344,91.1667,12423,0,0.311464837099856,0.50708093628033
2017-12-27,91.3052,91.3052,90.85,90.8797,10770,0,-0.233268830310064,0.929294577752705
2017-12-28,91.038,91.038,90.7016,90.8995,6199,0,0.297392044662622,0.00929856225961673
2017-12-29,90.9896,91.0212,90.411,90.411,11465,0,0.0101924694573769,-0.148693450859386
2018-01-02,90.8154,91.7505,90.8154,91.6516,17410,0,0.703786474770941,0.488812758699052
2018-01-03,91.6911,91.8592,91.4636,91.7903,10738,0,0.80204044560454,-0.326109219306008
2018-01-04,91.8792,91.8792,90.949,91.5164,37188,0,0.682651560400061,0.233316048630732
2018-01-05,91.9979,92.8687,91.9979,92.8687,7568,0,0.566344103123713,0.680058278714062
2018-01-08,93.0468,93.314,93.0171,93.2447,4895,0,0.6877210468985,0.605459177061652
2018-01-09,93.7791,93.7791,93.0567,93.5614,6012,0,0.36540216336329,0.123570211837028
2018-01-10,92.9973,93.6449,92.7302,93.6449,13703,0,-0.489478092470713,0.72504563025374
2018-01-11,93.878,95.204,93.8088,95.204,8123,0,-0.275234899403341,-0.535956050530462
2018-01-12,95.4118,96.9258,95.4118,96.7576,17302,0,-0.574521192008905,-0.68287701866444
2018-01-16,97.5097,97.8659,96.2466,96.4509,39163,0,0.108688349190449,-0.0477582393976577
2018-01-17,96.6488,97.3211,96.5951,97.1336,15724,0,-0.414463660330891,0.549007494665316
2018-01-18,97.3217,97.4206,97.0447,97.2876,14562,0,0.829312216953269,0.301923480422874
2018-01-19,97.8956,98.2518,97.569,98.2518,12774,0,-0.75244030814802,0.262056786913041
2018-01-22,98.3013,99.4789,98.3013,99.469,10969,0,-0.517615564306324,0.644526606125851
2018-01-23,100.0132,100.0132,99.4393,100.0132,18168,0,-0.11967403533615,-0.314866611594743
2018-01-24,100.5674,100.8939,99.5481,100.2111,20164,0,-0.345987249345126,0.290919332499479
2018-01-25,101.1908,101.1908,100.0231,100.6663,10731,0,-1.81702588893824,-0.143590641513837
2018-01-26,101.072,102.1012,100.8246,102.1012,10313,0,0.254305651235968,-0.0880349509112325
2018-01-29,102.111,102.7839,102.0913,102.3188,17720,0,0.709358050594872,-0.0845115839613085
2018-01-30,100.7752,101.2393,100.3299,101.0621,14613,0,-0.251796494984213,0.0262447907312813
2018-01-31,101.6954,101.8041,100.3012,100.4288,22226,0,-0.197678833504802,-0.0800966796780631
2018-02-01,99.6075,100.0627,98.7664,98.7664,17249,0,1.04771650568,0.814628968217482
2018-02-02,99.4195,99.6372,97.2029,97.3711,22443,0,1.1241168683277,-0.268383665329138
2018-02-05,96.1243,98.034,93.4031,93.7692,45583,0,-0.602278056993491,-0.862452791239196
2018-02-06,91.6318,96.3566,91.325,96.1243,36550,0,1.05068308632796,-0.443971960286695
2018-02-07,96.0254,97.4701,95.8015,96.154,17778,0,-0.659647018297623,0.85210817559091
2018-02-08,96.3222,96.3222,92.2651,92.2651,22076,0,-0.326858653544188,0.241437338868193
2018-02-09,93.3041,93.3389,89.1975,92.6609,48266,0,0.154959617363152,-0.150914283672673
2018-02-12,93.789,94.0364,93.0072,93.4624,33937,0,-0.948811054649904,-0.320661197535369
2018-02-13,93.2348,94.4076,93.2348,94.3728,18266,0,0.738908462887967,-0.858286160171123
2018-02-14,93.9473,96.055,93.9473,95.8076,18399,0,0.480656157912396,-0.637619327796138
2018-02-15,96.53,96.7477,95.5603,96.7477,10235,0,1.29145538093274,0.887987710393536
2018-02-16,96.5498,97.48,96.5498,96.9456,9530,0,-0.0717272953414662,0.69505741505382
2018-02-20,95.9363,96.7284,95.3821,95.5108,34840,0,-0.134294484385045,0.196932892286204
2018-02-21,96.1045,96.5399,95.8373,96.5399,7261,0,-0.359403280552587,0.243116193093859
2018-02-22,95.6295,96.2074,95.4425,95.4564,5932,0,-0.536771092907793,-0.18455744633373
2018-02-23,95.9462,96.2925,95.7383,96.2925,3405,0,-0.0558919015257562,0.302521565444925
2018-02-26,97.2128,97.5295,96.9401,97.4744,15290,0,0.609797143771084,0.042021170906423
2018-02-27,98.0935,98.0935,96.1936,96.1936,7880,0,0.797617782874642,-0.707055141150613
2018-02-28,96.3321,97.0149,95.7582,95.7582,10131,0,0.369845649962686,0.086035912826948
2018-03-01,95.1358,95.7239,93.8747,94.7785,12672,0,0.189164051463026,-0.228826272597167
2018-03-02,93.7296,94.767,93.4327,94.767,7416,0,0.964379323179781,-0.422866319573089
2018-03-05,94.3728,95.9264,94.3233,95.867,11804,0,0.124888661389643,-0.0719311313151753
2018-03-06,96.0649,96.0649,95.4665,95.9766,6654,0,0.0430606488100417,-0.297681802664161
2018-03-07,94.9171,95.3376,94.4523,95.1199,12145,0,0.743406732368759,-0.636899621150296
2018-03-08,95.0259,95.1743,94.3629,94.4916,59687,0,-0.800174626167049,-0.198120509686352
2018-03-09,95.0655,95.8967,94.8517,95.8967,6235,0,0.314934311567226,-0.428121335102869
2018-03-12,95.9858,96.3519,95.9858,96.2332,4080,0,-0.171748444178696,0.250385935322953
2018-03-13,96.5894,96.6488,95.7533,95.8076,9724,0,-0.548189727871312,-0.117523136449988
2018-03-14,96.1144,96.1144,95.1842,95.392,5100,0,0.273343382008309,0.0922757689923634
2018-03-15,95.392,95.392,94.6512,94.8285,5229,0,0.232169254706671,0.0379524327503938
2018-03-16,95.3228,95.4316,95.1249,95.2337,5654,0,0.0443541672873392,0.0938984429844925
2018-03-19,94.7389,94.7389,93.4427,93.8286,9409,0,1.05120898860972,-0.684813365631281
2018-03-20,94.0265,94.2442,93.6999,94.1895,6370,0,-0.666768926762534,-0.235917916725748
2018-03-21,94.264,94.6896,94.1264,94.1264,2212,0,-0.231937165276163,0.0653394766168011
2018-03-22,93.8187,93.8187,92.7203,93.2285,5088,0,0.23351538451249,-0.190973421309503
2018-03-23,92.6906,93.0122,90.573,90.7115,13786,0,-0.911081440266812,-0.0173267082851143
2018-03-26,92.0969,93.4031,91.4734,93.2942,8084,0,-0.526196517638519,0.474327913945291
2018-03-27,93.6801,93.6801,91.2154,91.2154,4533,0,-0.147155659296387,-0.281567551934773
2018-03-28,90.9094,91.3683,90.6178,91.3683,10672,0,-0.82835480779806,-0.185364159576367
2018-03-29,91.2755,92.295,91.0466,92.1958,6238,0,0.407306177542949,0.191841294477659
2018-04-02,91.5328,91.5328,88.4948,89.2569,10634,0,0.175657443981768,0.876455417671509
2018-04-03,89.8209,90.5235,89.2974,90.5235,8065,0,1.03738900373502,-0.330317658808746
2018-04-04,88.8413,92.0177,88.8413,92.0177,35850,0,0.516096473450421,0.945861236581822
2018-04-05,92.6114,93.3338,92.1919,93.2101,8782,0,0.492715773837395,0.0202175307711821
2018-04-06,92.7203,92.8489,91.1653,91.3547,6694,0,-0.10983771828408,0.22560540793542
2018-04-09,91.6664,91.8316,91.3682,91.6615,4278,0,-1.48750961143385,-0.057922111322523
2018-04-10,91.5525,91.9385,90.9391,91.9385,5215,0,-0.338183782690084,-0.330255167409025
2018-04-11,91.3547,91.8592,91.3153,91.424,3180,0,-0.382270537945474,0.103808216376892
2018-04-12,91.7802,92.2231,91.7109,91.8374,4769,0,-0.0630261837306324,1.14810988247695
2018-04-13,92.0672,92.0672,90.8302,90.9862,10324,0,-0.798466495082381,-0.281145432815213
2018-04-16,91.4141,92.4845,91.3943,92.2453,3607,0,-0.289005880721492,-0.244792947566118
2018-04-17,93.0072,93.6998,93.0072,93.6405,2861,0,0.368641618674423,0.156331380491875
2018-04-18,94.0067,94.6994,94.0067,94.526,3198,0,-0.0442365654420325,0.425669683550081
2018-04-19,94.3134,94.3134,93.413,93.6702,8917,0,0.0580319048209924,0.124005467769667
2018-04-20,93.7593,93.7593,92.4036,92.6411,14343,0,-0.209707644722159,0.0667272848609705
2018-04-23,92.9776,93.2249,92.5817,92.9083,8551,0,-0.266466134639174,0.45660449844615
2018-04-24,93.4822,93.4822,91.8198,92.0969,8802,0,1.03335712346767,0.311285861843709
2018-04-25,92.087,92.9369,91.7218,92.6213,6206,0,0.703251378552447,-0.635582459398454
2018-04-26,93.5317,95.1348,93.412,94.9665,5709,0,0.0463358330773777,1.16181206109095
2018-04-27,95.9858,96.5743,95.9858,96.3321,7831,0,0.37778434969482,-0.526365376221716
2018-04-30,96.6587,96.8817,95.7384,95.7384,7352,0,0.463224251022243,-1.11024695807475
2018-05-01,94.64,95.1941,94.3827,95.1842,6096,0,0.0665404507020111,-0.555545512948326
2018-05-02,94.8874,95.3477,94.7983,94.7983,4380,0,0.112759705867638,-0.548882447176
2018-05-03,94.2541,94.2541,92.7698,93.6999,12206,0,-0.576102571958996,0.578862447067967
2018-05-04,93.4456,94.7686,93.4031,94.3926,4911,0,-0.0709765236906567,0.111347403770467
2018-05-07,94.6697,94.6697,93.4723,93.6702,12696,0,0.400031731407293,-0.102431526864776
2018-05-08,93.5416,93.6603,93.4248,93.4248,4428,0,-0.618910242274618,0.153381248606258
2018-05-09,93.5911,94.1405,93.4822,94.0858,3817,0,0.0035998002499146,-0.242137130602161
2018-05-10,94.4817,94.5024,94.2357,94.2357,11003,0,0.686845676141535,0.352336267680004
2018-05-11,94.4025,95.0702,94.2343,94.9617,7359,0,1.00536755063219,-0.404024380816485
2018-05-14,95.6196,95.9068,95.5603,95.9068,10757,0,-0.457317681502931,-0.420328605671486
2018-05-15,95.0655,95.1628,94.8674,94.8874,19365,0,-0.245290771111578,-0.560187738739322
2018-05-16,95.4217,96.1293,95.4217,95.7869,5008,0,0.959273811259541,-0.200898787170605
2018-05-17,95.8571,96.0946,95.7131,95.7131,3851,0,0.560974841875214,-0.313380504476454
2018-05-18,95.5801,95.6441,95.3574,95.4019,3078,0,0.280345217996037,-0.0848722769533441
2018-05-21,95.9363,96.055,95.8363,95.8363,3951,0,0.073541325447313,-0.160108429571055
2018-05-22,96.53,96.53,95.3129,95.3129,3327,0,0.224095288845356,0.0311456833841859
2018-05-23,95.2815,95.6815,95.2528,95.6815,1631,0,-0.255609568740681,0.278172679240519
2018-05-24,95.1365,95.9462,94.9022,95.8967,2828,0,0.37410295781911,0.255475031222508
2018-05-25,95.5306,95.9363,95.5306,95.6592,3170,0,-0.0105864428278916,-0.139508677318309
2018-05-29,95.3228,95.3525,94.8577,94.8628,5461,0,-1.24287359299046,-0.64505218985475
2018-05-30,95.6493,96.6784,95.6493,96.5795,2635,0,-0.245887551587932,0.291958873827291
2018-05-31,96.1441,96.2529,95.2931,95.2931,1782,0,0.107153472900157,-0.537872925443565
2018-06-01,95.4514,96.0056,95.4514,95.8076,8883,0,-0.315553688193357,0.325575953901755
2018-06-04,96.1936,97.6086,96.1936,97.5888,12697,0,0.635497185664743,0.186919408301264
2018-06-05,97.8659,98.618,97.7175,98.5784,5241,0,-0.012902517450252,-0.408758532558685
2018-06-06,98.8034,98.9544,98.3904,98.9544,233907,0,-0.14945696162872,-0.162217437936765
2018-06-07,99.2117,99.6372,99.2117,99.4393,8513,0,-0.0398772127144544,-0.990439837997702
2018-06-08,99.2414,99.6372,99.0158,99.6372,4458,0,-0.0109517497148574,-0.227043355160103
2018-06-11,99.9538,100.3694,99.9538,100.2784,8549,0,-0.159749583734911,-0.166849337604397
2018-06-12,100.4486,100.6366,100.0959,100.6366,8262,0,0.600006981491141,-0.223685003277058
2018-06-13,100.8741,100.9929,100.5575,100.597,14004,0,0.400828929112965,-0.364964462619985
2018-06-14,100.9335,101.0819,100.5988,101.0028,7641,0,0.309479447927576,-0.606286639286326
2018-06-15,101.0968,101.3491,100.8622,101.3491,6406,0,0.11319367314616,-0.670757333631531
2018-06-18,101.0324,101.3293,100.9038,100.9929,7582,0,-0.239405410585431,-0.969889115332655
2018-06-19,100.0265,101.0423,100.0263,101.0324,12444,0,-0.60898422226531,0.0210402972097251
2018-06-20,101.7647,102.0138,101.1908,101.8241,4356,0,-0.133751759007665,0.402791609020325
2018-06-21,102.0319,102.309,101.7251,102.0715,4601,0,-0.531283686423785,-0.238242112174055
2018-06-22,102.4772,102.4772,101.7053,101.7548,8266,0,0.0400807573688049,-0.234085646058463
2018-06-25,101.1512,101.3392,100.2606,100.7851,14483,0,-0.145947498174921,1.9111958195818
2018-06-26,100.9632,101.0324,100.7158,100.8048,5029,0,0.0509332808494143,-0.209923818219098
2018-06-27,101.4975,101.4975,100.0825,100.1221,3633,0,-0.366113824061666,-0.0741764074818675
2018-06-28,99.0435,99.7658,98.4695,99.4888,12698,0,-0.473235748335127,-0.65472883741898
2018-06-29,99.8747,99.9934,99.1226,99.1226,8396,0,0.70921773788908,-0.210502196737674
2018-07-02,98.4893,98.9247,97.9649,98.9247,10222,0,-0.541548973332021,-0.990414977385564
2018-07-03,99.083,99.4888,98.7961,98.7961,4814,0,-1.5052908856404,-0.649721015342273
2018-07-05,99.182,99.3007,98.8357,99.3007,3952,0,-0.354769472568558,-0.227801558699622
2018-07-06,98.9445,100.033,98.9445,99.9538,5770,0,0.67694481926646,-0.919258977465766
2018-07-09,100.0132,100.8147,100.0132,100.8147,7349,0,-0.178415801739326,-0.824373765236504
2018-07-10,100.9038,101.2699,100.9038,101.2699,10211,0,1.18452818264951,-0.978297053408594
2018-07-11,100.7653,100.795,100.3497,100.6663,7585,0,-0.238645928183006,-0.496281283616156
2018-07-12,101.0819,101.3689,100.9335,101.2699,5157,0,-0.373247648174962,-0.470037425274821
2018-07-13,101.3788,102.3782,101.3788,102.1605,22932,0,1.0115760037149,-0.0246882150648163
2018-07-16,102.1209,102.1407,101.923,102.1407,2754,0,0.556279042574159,0.119768696910588
2018-07-17,102.2892,103.0038,102.2199,102.8433,10664,0,0.23246387208721,-1.05033913570388
2018-07-18,102.8928,103.1659,102.5662,102.8136,4346,0,-0.408270252044137,-0.162244199012032
2018-07-19,102.5267,103.2886,102.5267,102.774,8658,0,0.727041557880406,-0.743664753428836
2018-07-20,102.6454,103.0709,102.3188,102.3485,6364,0,-0.4707067756463,0.0383074679127601
2018-07-23,102.2991,102.7535,102.2991,102.4871,32366,0,0.199654490787113,-0.13668549319265
2018-07-24,103.0313,103.4073,102.2318,102.3782,6612,0,-1.05526977942703,-0.507725097432095
2018-07-25,102.6147,103.3084,102.3063,103.3084,7912,0,0.198651878715584,0.225021540126443
2018-07-26,103.2985,103.823,102.6354,102.7444,6231,0,-0.223033926801939,-0.353086745646751
2018-07-27,103.8922,103.9021,102.2298,102.2991,5536,0,-0.123534052999228,0.580704428855379
2018-07-30,102.309,102.497,101.6855,101.9923,10561,0,0.268691028644785,-0.888722569101188
2018-07-31,102.4376,102.4376,101.923,101.9428,10212,0,0.153500084034006,-0.232869772260554
2018-08-01,101.8736,101.8736,101.1116,101.2501,8015,0,0.908105931674187,-0.240728826573918
2018-08-02,100.7455,102.4277,100.7455,102.4277,6457,0,0.407880428156679,0.0885848094062346
2018-08-03,102.3584,102.9729,102.3485,102.7988,3545,0,0.930279736546642,-0.451765015531793
2018-08-06,102.497,103.2391,102.497,103.2391,5217,0,-0.545068798007783,0.515067810100268
2018-08-07,103.724,104.0604,103.724,104.0506,8616,0,0.152709734960589,-0.512979138145795
2018-08-08,104.3778,104.7333,104.011,104.7333,7252,0,-0.864352173472233,0.00693220236711023
2018-08-09,104.8917,104.9896,104.6631,104.7333,12689,0,-2.40531375802433,-1.65518533617713
2018-08-10,104.3276,104.8521,104.3078,104.4761,5354,0,0.0917740863904762,0.6967544678958
2018-08-13,104.7135,105.1232,104.3276,104.6047,12545,0,-0.0125960871902444,0.385433474455317
2018-08-14,104.97,106,104.97,105.891,15526,0,-0.0169975326024705,0.479584513666007
2018-08-15,105.2875,105.2875,104.1,104.7135,9582,0,0.0383204847575964,-0.35995027821629
2018-08-16,106.1979,107.514,105.7229,106.0791,11844,0,0.25968296187192,-0.38438667781484
2018-08-17,106.7223,106.8708,105.9803,106.6645,20355,0,-0.448437938629056,0.988393002444488
2018-08-20,107.3259,107.3259,106.8516,107.0846,22589,0,0.0229570159421719,0.26409865589335
2018-08-21,107.5436,107.7702,107.2424,107.6129,15663,0,1.95250377229879,0.257842009108107
2018-08-22,108.5926,108.8894,107.8108,108.0384,60892,0,-0.308568019242717,0.0720461214886476
2018-08-23,107.9889,108.6327,107.9889,108.3551,25826,0,0.0207516178360494,-0.154001457558242
2018-08-24,108.3848,108.5629,108.088,108.2957,19510,0,-0.182358051652035,0.594895025419779
2018-08-27,108.8498,108.8498,108.3452,108.4738,19074,0,-0.479939068204416,0.521956553101461
2018-08-28,108.4936,108.7707,108.1572,108.6025,17985,0,-0.03131221323271,-0.164233512032306
2018-08-29,108.9488,109.4535,108.5777,109.4336,28038,0,-0.157250455726201,0.0276216264875086
2018-08-30,109.1368,109.2457,108.5935,108.8103,39500,0,-0.293083709185994,-0.185160725124307
2018-08-31,108.7212,109.592,108.7212,109.592,30665,0,-0.529637333919304,-0.167787018174973
2018-09-04,109.6316,110.2847,109.4831,110.2352,25334,0,0.382848591023344,-0.201462526605028
2018-09-05,110.1165,110.1165,109.1665,109.5326,13430,0,0.422546034219891,-0.598579702548873
2018-09-06,109.8196,109.891,109.3446,109.4535,9652,0,0.0253745215204188,0.0702306125950375
2018-09-07,109.0181,110.0967,108.9918,109.5029,10226,0,-0.999441202287958,-1.03886419465874
2018-09-10,110.1461,110.3638,109.8296,109.9977,17196,0,0.292760307815645,-1.26035868577672
2018-09-11,109.9482,110.8586,109.7503,110.7498,16625,0,-0.337131106060667,-0.707902617439301
2018-09-12,110.7498,110.9972,110.2252,110.7992,10593,0,0.799530585615096,-0.127769696593789
2018-09-13,110.8289,110.8289,109.7404,109.8889,24537,0,0.647296168800743,-0.499519650433235
2018-09-14,109.8394,109.8394,109.0674,109.2259,13294,0,0.540710510140462,-0.275185767705551
2018-09-17,108.9884,108.9884,108.2332,108.3057,16850,0,0.277100998256434,-0.624278941652117
2018-09-18,108.3551,109.6316,108.3551,109.4535,15989,0,0.280301883010968,-0.673798538366582
2018-09-19,109.5722,109.7561,109.3347,109.5128,3788,0,0.870408376431932,0.154743559041177
2018-09-20,109.9878,110.1758,109.6316,110.1165,26884,0,0.171818050332503,-0.383881884260441
2018-09-21,110.6508,110.6508,109.8394,109.9185,139070,0,-0.00176613464976417,-0.103748439655904
2018-09-24,109.8889,109.8889,109.0224,109.216,29674,0,0.482801738762167,-0.5509607451484
2018-09-25,109.592,109.879,109.216,109.5029,8466,0,0.423013819738757,-0.682669164427228
2018-09-26,109.879,110.7102,109.8097,109.9878,16155,0,0.910318502291588,-0.655448020305296
2018-09-27,110.1066,110.7399,109.8691,110.2352,9878,0,0.0460821524058619,-0.22582595554325
2018-09-28,110.0571,110.624,109.78,110.2946,21925,0,0.426933975537149,-0.83472785025903
2018-10-01,111.0565,111.0565,110.3539,110.3539,21004,0,0.43580014512594,-0.0840844106039291
2018-10-02,110.5123,110.5123,109.1566,109.1566,6745,0,0.54235625078163,-0.177735122483268
2018-10-03,109.3426,109.4831,108.5827,108.5926,34645,0,0.291816786883452,-0.148699231696971
2018-10-04,108.4243,108.4441,106.9509,107.2567,36183,0,-0.593973773046342,0.734660780403774
2018-10-05,107.1775,107.3948,105.6239,106.1286,16782,0,0.846404421185272,0.118382263897188
2018-10-08,106.1484,107.2953,106.1484,107.0489,15908,0,0.483026210572895,-0.56365025371195
2018-10-09,107.0687,107.7416,106.7916,107.0291,24403,0,-0.0439971439688419,-0.286810562281161
2018-10-10,106.7691,107.0093,104.5948,104.7037,42431,0,-0.0532116577909542,-0.634010841622362
2018-10-11,103.7537,104.9411,101.7647,102.1902,173208,0,-0.0165407341890991,0.0198717190718453
2018-10-12,104.1792,104.7729,103.1699,104.6047,43444,0,0.303408822601185,-0.24386568645281
2018-10-15,104.3078,105.0203,103.9064,104.3078,13893,0,0.389617655402811,0.183772273700759
2018-10-16,104.7927,106.3462,104.486,106.2374,31977,0,-0.309542926764326,-0.295523493204032
2018-10-17,106.089,106.089,104.4761,105.238,26140,0,-0.483226889792394,-0.492780690555241
2018-10-18,105.1292,105.4359,103.531,103.8724,13591,0,0.374064487048496,-0.299771475601465
2018-10-19,104.1198,104.8102,103.4865,103.7438,23478,0,0.561170315675928,-0.131478562689722
2018-10-22,104.0604,104.2861,103.5063,103.912,8639,0,-0.330110372310876,0.112251672744166
2018-10-23,102.3683,103.9714,101.6855,103.6053,17419,0,0.336998650905178,0.183763769546902
2018-10-24,103.6152,104.1792,100.7059,100.8741,23532,0,-0.267289090734333,0.0649549518017834
2018-10-25,101.5668,103.7933,101.2996,103.3084,41115,0,0.235161506016722,0.112737956890082
2018-10-26,101.2304,101.4876,99.5382,100.4585,24933,0,0.0797451632289145,0.468516501600571
2018-10-29,101.2205,102.1803,98.6971,100.1419,29919,0,0.259836903802502,-0.818420216641794
2018-10-30,99.9439,102.0022,99.9439,101.9725,48604,0,1.34270373615548,-0.465474146455255
2018-10-31,102.8334,103.1896,102.0914,102.1506,21435,0,0.479346283969859,-0.303263854400468
2018-11-01,102.6454,104.0802,102.3188,104.0407,19552,0,-0.184690380886209,0.218715434821269
2018-11-02,104.7531,104.9906,102.9126,103.8131,27021,0,-0.102323676006241,-0.115187530395252
2018-11-05,103.7735,104.1536,102.8285,103.9813,27725,0,0.396622772762098,-0.267552175664762
2018-11-06,103.8625,104.6641,103.8625,104.6641,29602,0,0.391883629175606,-0.523446076513941
2018-11-07,105.4458,107.4348,105.4458,107.4249,44588,0,-0.554285516256574,-1.07706285018986
2018-11-08,107.2963,108.3551,107.1181,107.9197,164854,0,0.28400405225989,0.0875186322720514
2018-11-09,107.5931,107.5931,106.3661,106.851,44997,0,-0.297140482142876,0.226272656464679
2018-11-12,106.7421,107.0291,104.9609,105.0698,40534,0,-0.557150686571317,-0.0384983243117204
2018-11-13,105.4161,105.5843,104.3672,104.862,41900,0,0.44484068864129,-0.584210827220337
2018-11-14,105.6437,106.1286,103.4865,103.6349,41069,0,-0.215332000578362,-0.743012112598347
2018-11-15,103.1501,103.1501,100.9632,102.7826,71911,0,0.0142863271588446,-0.206773606801908
2018-11-16,102.0022,102.3782,101.4283,102.0715,23500,0,-0.0817909612760309,0.376796275067945
2018-11-19,101.9923,102.2892,99.6867,99.9044,69921,0,0.167262039352859,-0.0021440876519433
2018-11-20,96.6784,97.7224,95.3426,96.2529,59982,0,0.216083169271917,0.210766810458451
2018-11-21,97.1336,97.5512,96.718,96.7477,103824,0,-0.557120003341416,0.0732273373700087
2018-11-23,96.3321,96.9852,96.3321,96.5102,15942,0,0.918878282416941,0.346197905282442
2018-11-26,97.7966,98.2617,97.4157,98.2617,33765,0,0.146673574084941,-0.340458193220902
2018-11-27,97.9352,99.3799,97.9352,99.3106,47518,0,0.149883834364987,0.138397507250869
2018-11-28,100.1715,102.3188,99.8549,102.2595,57241,0,0.294995369608513,0.160961419276067
2018-11-29,102.111,102.2823,101.3095,101.9725,21552,0,0.133372338956706,-0.209265605539641
2018-11-30,101.8637,102.5464,101.8043,102.4376,25120,0,0.476312292562565,-0.399918117073074
2018-12-03,104.199,104.199,103.2939,103.9417,22241,0,-0.387407734900373,-0.561246328639435
2018-12-04,103.7042,103.912,100.0982,100.409,41304,0,-0.465221611459602,-0.292345214767164
2018-12-06,98.8752,100.8048,97.7571,100.8048,63176,0,0.623659272661905,0.0310957328025362
2018-12-07,100.3991,101.1809,97.9451,98.2221,31145,0,0.663456538078647,0.00654744820634637
2018-12-10,98.1232,98.7763,96.4014,98.5004,35444,0,-0.229527577246626,1.07940995449948
2018-12-11,99.6372,99.9439,97.755,98.6081,20942,0,-0.150295413080378,-0.0451065793365862
2018-12-12,99.4591,100.7752,99.4591,99.6966,140317,0,-0.429621093132519,0.64782297817661
2018-12-13,99.8054,100.0627,98.6674,99.2711,19220,0,-0.196314781401565,0.61752927582105
2018-12-14,98.1529,98.6872,96.6784,96.9159,36185,0,-0.359966390024027,-0.0786197625893816
2018-12-17,96.2134,96.3717,93.6505,94.1998,62468,0,-0.121196711944263,0.596144021760374
2018-12-18,94.8973,95.454,93.9869,94.7763,25849,0,0.267553578418403,-0.018345926643524
2018-12-19,94.8181,95.9957,92.651,93.126,66330,0,-0.133473202382638,0.48748916153474
2018-12-20,92.61,92.61,89.6412,90.53,102415,0,-0.169090519091807,0.392177998671306
2018-12-21,90.7,92.16,88.42,88.66,162674,0,0.79703400514624,0.551523126128859
2018-12-24,87.88,88.97,87.11,87.33,71794,0,-1.84913985890117,2.01502338042534
2018-12-26,87.97,92.44,87.97,92.44,81517,0,1.59616906997416,-0.178322199761242
2018-12-27,91.25,92.6845,89.34,92.45,29348,0,1.22052831759833,0.227611705004551
2018-12-28,93.25,94.47,92.56,92.93,26572,0,-0.316740867772904,0.343915967557099
2018-12-31,93.91,94.16,93.24,93.91,52974,0,0.16298403490348,0.76872184455352
2019-01-02,91.46,95.07,91.46,94.56,32119,0,0.222975872154124,-0.461849917677728
2019-01-03,94.01,94.75,93.26,93.51,26702,0,-0.0385112781334032,-0.364166425869399
2019-01-04,94.59,96.14,94.42,95.67,17170,0,1.87091473109526,-0.104198809674393
2019-01-07,96.04,98.4499,96.04,97.8905,18419,0,0.170341405033812,-0.193846071907809
2019-01-08,98.88,99.01,97.25,98.74,32087,0,-0.14803119227568,-0.0942608851937892
2019-01-09,99.12,99.54,98.74,99.02,20811,0,0.181791016745085,-0.262629673762536
2019-01-10,97.57,98.65,97.09,98.65,31056,0,-0.0536078815080848,0.130354634547632
2019-01-11,98.29,98.78,98.11,98.48,19455,0,-0.714436072504462,0.0959920977617102
2019-01-14,97.72,98.39,97.4074,97.9,15868,0,0.179322391680327,-0.352736960857501
2019-01-15,97.86,98.6,97.7144,98.39,18586,0,-0.695725726120504,0.0177793919938088
2019-01-16,98.38,98.81,98.3583,98.5,37349,0,-0.330646036404374,0.121171365745182
2019-01-17,98.11,99,98.11,98.66,6582,0,-0.11584400798683,0.18578440364018
2019-01-18,99.48,100.55,99.48,100.26,117305,0,0.0015893446574449,0.506267670884266
2019-01-22,99.59,99.59,97.86,98.56,36837,0,0.39567756743643,-0.243480820942821
2019-01-23,99.27,99.41,97.71,98.91,13342,0,-0.778516794051329,-0.202563077311232
2019-01-24,98.72,98.75,98.2701,98.7499,16845,0,0.00536532773556667,0.408155747854677
2019-01-25,99.53,99.81,99.4101,99.52,21930,0,-0.533199150457058,0.485480105981963
2019-01-28,98.75,99.06,98,99.06,17147,0,-0.0815633582585327,0.381864864266861
2019-01-29,99,99,98.01,98.46,10117,0,-0.639526941058713,0.525319297583899
2019-01-30,99.03,100.16,98.69,99.84,49432,0,0.236151752723132,0.0487093143935234
2019-01-31,99.95,101.32,99.85,101.19,24191,0,0.0671486743874408,-0.0212175114018815
2019-02-01,100.12,100.12,99.04,99.3399,29972,0,0.695060420748273,0.0487746562170214
2019-02-04,99.39,100.28,99.29,100.2799,45152,0,-0.695433012213365,0.606103780274518
2019-02-05,100.53,101.25,100.49,100.95,25515,0,0.115466384419844,-0.273776818880113
2019-02-06,100.95,100.95,100.18,100.4781,18274,0,0.261267168530361,0.000353122901792874
2019-02-07,99.85,100.33,99.36,100.11,27879,0,0.0538510075731069,-0.0388386619214362
2019-02-08,99.44,99.59,98.82,99.36,27566,0,0.355532612133571,-0.0271307732657385
2019-02-11,99.79,99.79,99.4,99.61,19753,0,0.104119067856064,-0.727684504833385
2019-02-12,100.27,101.5,100.27,101.44,8276,0,-0.14044525029441,-0.281352341204442
2019-02-13,101.86,102.35,101.6148,102.1101,15824,0,-0.0462611512627022,-0.328096994084785
2019-02-14,101.33,102.42,101.06,101.92,17851,0,0.451878900031761,-0.411957569239507
2019-02-15,102.48,103.05,102.38,102.92,21136,0,0.624169021682217,-0.186173370900562
2019-02-19,102.99,104.0101,102.99,103.697,202366,0,0.232842139811501,0.0523524638540279
2019-02-20,103.37,103.37,102.45,102.5991,16750,0,-0.299219421428914,0.683783438482375
2019-02-21,102.71,102.71,101.59,101.93,10298,0,0.0578904805307377,0.199618396170455
2019-02-22,102.14,102.47,102.0506,102.39,7011,0,0.343902818947944,0.44456843617395
2019-02-25,103.07,103.07,102.05,102.0773,15498,0,0.12353683504215,-0.00676495243972683
2019-02-26,101.68,102.15,101.35,102,8032,0,0.28962920026041,0.0706628382573369
2019-02-27,102.03,102.28,101.44,101.99,9081,0,-0.146957438141499,0.0641083780538839
2019-02-28,102.05,102.37,101.83,102.1964,10066,0,0.0521168962901237,0.106079935594232
2019-03-01,103.0999,103.0999,101.9,102.37,15040,0,0.561384877593746,0.0941817252498041
2019-03-04,102.77,102.82,101.2687,101.83,27170,0,-0.374223748169689,0.399898101903043
2019-03-05,102.31,102.37,102,102.1734,2918,0,0.29224013518347,-0.2803812221462
2019-03-06,102.27,102.27,101.36,101.37,6681,0,0.0312307161423771,-0.191124593441189
2019-03-07,100.79,100.79,99.4803,99.77,12136,0,0.215721616117154,0.160174416940289
2019-03-08,99.17,99.28,98.7,99.28,11557,0,0.135474919102181,0.112990519691131
2019-03-11,99.59,100.79,99.59,100.76,7605,0,0.353240031758481,-0.0868604382679198
2019-03-12,101.09,101.21,100.695,101.09,5007,0,-0.268759069719964,0.588557806124921
2019-03-13,101.54,102.22,101.54,101.84,6563,0,0.0130076074054647,-0.106682329604553
2019-03-14,101.37,101.37,101.2,101.24,4659,0,0.402488940865519,0.0647037220958997
2019-03-15,101.53,101.73,101.15,101.68,5066,0,0.452297463863535,0.475149617698324
2019-03-18,101.71,103.14,101.71,103.03,12341,0,0.51212982606401,0.0425080462564238
2019-03-19,103.53,104.35,103.49,103.65,10758,0,-0.350540071652602,-0.348460671662709
2019-03-20,103.64,104.0431,102.92,103.63,16572,0,0.177596555752531,-0.124205459260717
2019-03-21,103.85,105.14,103.85,105.0492,7191,0,-0.406985161102932,-0.333470609451708
2019-03-22,104.57,105.01,103.31,103.31,9611,0,0.24566959761166,-0.110562114610835
2019-03-25,103.23,104.04,103.17,103.57,10412,0,0.789699542940592,-0.975102654008109
2019-03-26,104.23,104.75,103.6,104,12465,0,-0.00348301884650422,-0.500298706778305
2019-03-27,104.15,104.312,103.45,103.7584,4387,0,0.215437089070167,-0.557451413836715
2019-03-28,104.16,104.5639,103.8724,104.17,7004,0,0.471637488234772,-0.173751980449607
2019-03-29,104.65,104.84,104.47,104.78,4137,0,0.647331529139126,0.282199695414111
2019-04-01,105.58,105.78,105.37,105.7787,11327,0,0.0770051392376922,-0.216756838852667
2019-04-02,105.06,105.06,104.38,104.39,5669,0,0.279690727346101,-0.199330876782051
2019-04-03,104.88,105.25,104.88,105.04,17310,0,0.371876023288568,-0.137986334486669
2019-04-04,105.05,105.87,105.05,105.87,4810,0,-0.478557969135759,-0.056604016009585
2019-04-05,106.2,106.8899,106.2,106.77,10670,0,0.186069704487623,-0.356040634760885
2019-04-08,106.57,107.15,106.54,107.15,14888,0,-0.0627010689407682,-0.428933394270155
2019-04-09,106.86,106.86,106.12,106.17,4109,0,0.239607471156022,-0.261915761163952
2019-04-10,105.87,106.56,105.87,106.54,4977,0,0.122644864572143,0.28495644912425
2019-04-11,106.334,106.61,106.334,106.56,5561,0,-0.278562182475459,0.360527229577688
2019-04-12,106.86,107.22,106.86,106.9,9005,0,0.10177235060681,-0.394061976785872
2019-04-15,106.95,107.7555,106.95,107.67,5642,0,0.463799561739063,-0.410871601223232
2019-04-16,108.18,108.21,107.76,107.98,6962,0,0.21644128186488,-0.373766835551262
2019-04-17,108.22,108.332,107.8,108.06,4885,0,0.930227419831282,-0.329259404474584
2019-04-18,108.21,108.21,107.62,107.8116,7675,0,0.782015386287063,-0.361646806685908
2019-04-22,107.52,107.7621,107.2,107.31,17940,0,0.532749978867422,0.0313790035861101
2019-04-23,107.52,108.76,107.52,108.39,2630,0,0.856790987245959,-0.292917341918062
2019-04-24,108.82,109.0056,108.565,108.5811,3685,0,0.132830899136025,-0.116271611526951
2019-04-25,108.33,108.365,107.49,108.02,3412,0,0.640756077395157,-0.39688303473159
2019-04-26,107.88,107.97,107.14,107.89,6990,0,0.715444893626595,-0.0477326446739618
2019-04-29,107.99,108.066,107.802,107.8716,3295,0,0.773315487940925,-0.116341369437657
2019-04-30,108.06,108.24,107.4034,108.24,1911,0,0.307269091113185,0.00714684871192143
2019-05-01,108.43,108.43,107.1,107.12,2755,0,0.632720928247096,-0.841937316429198
2019-05-02,107.11,107.6,106.75,107.5628,3717,0,0.0736537426735781,-0.45444334361568
2019-05-03,108.46,108.75,108.38,108.39,5370,0,1.00563742784926,-0.333081056834403
2019-05-06,106.7338,108.41,106.64,108.19,6847,0,-0.249960570582951,-0.582611147013587
2019-05-07,107.13,107.13,105.7,106.31,8594,0,0.426305313242448,-0.908605542830346
2019-05-08,106.29,106.9504,106.22,106.5801,4341,0,0.0166292852731927,-0.419946497319529
2019-05-09,105.66,106.62,105.1912,106.36,12386,0,0.124138715606421,-0.159613010726937
2019-05-10,106.13,106.35,104.54,106.35,16546,0,0.722846006180242,-0.418537196037834
2019-05-13,103.77,104.03,102.91,103.41,14671,0,0.0585507645337799,-0.444683828597616
2019-05-14,103.91,104.49,103.435,103.93,5074,0,0.340039047204483,-0.216070173410245
2019-05-15,103.55,104.5399,103.12,104.48,5120,0,0.556432138073366,-0.242069298512185
2019-05-16,105.13,106.1945,105.13,105.2235,3398,0,0.259367614505934,-0.0136120602195896
2019-05-17,104.42,105.89,104.23,104.81,6760,0,0.73864098311843,-0.465865188513087
2019-05-20,104.27,104.82,104.11,104.7146,15364,0,0.150247076419626,-0.438384255292604
2019-05-21,104.81,105.5361,104.61,105.23,3723,0,0.661084175031426,-0.290271542706421
2019-05-22,104.75,105.01,104.58,104.58,3150,0,0.132138423485025,-0.494722808259307
2019-05-23,103.76,103.76,103.03,103.54,5663,0,0.344355255097572,-0.0800966796780631
2019-05-24,104.01,104.04,103.615,103.95,2525,0,1.09664930212157,0.126044556528791
2019-05-28,104.24,104.74,103.33,103.33,4881,0,1.13337799090973,-0.953858035925284
2019-05-29,102.71,102.71,101.82,102.3004,4261,0,0.499511994025245,-0.56949965056105
2019-05-30,102.61,103.41,102.58,102.8402,3612,0,0.764887497173368,-0.45443374923766
2019-05-31,101.73,101.73,101.3501,101.46,6721,0,0.31650352725227,-0.324956754043773